{"type":"FeatureCollection","features":[{"type":"Feature","properties":{"school":"Balerno High","sector":"ND","top_rank":5},"geometry":{"type":"Polygon","coordinates":[[[-3.34416,55.92099],[-3.34699,55.92807],[-3.34706,55.92833],[-3.34881,55.92847],[-3.35488,55.92909],[-3.35685,55.92955],[-3.35787,55.92974],[-3.36061,55.93004],[-3.36238,55.93014],[-3.36855,55.93043],[-3.36998,55.93042],[-3.37254,55.93029],[-3.37611,55.92996],[-3.37945,55.92953],[-3.3818,55.92906],[-3.38371,55.92853],[-3.3862,55.92763],[-3.38738,55.92725],[-3.38899,55.9268],[-3.3908,55.92643],[-3.39238,55.92621],[-3.39423,55.92604],[-3.39752,55.926],[-3.39997,55.92395],[-3.40079,55.92285],[-3.40093,55.92235],[-3.40092,55.92171],[-3.4028,55.92108],[-3.40812,55.91677],[-3.40836,55.91667],[-3.40861,55.91675],[-3.40894,55.91679],[-3.40887,55.91622],[-3.40956,55.91616],[-3.41116,55.91549],[-3.41905,55.91324],[-3.41959,55.91317],[-3.42478,55.91313],[-3.42697,55.91287],[-3.42693,55.9128],[-3.42749,55.91272],[-3.4285,55.91238],[-3.43,55.91216],[-3.43142,55.91232],[-3.43311,55.91192],[-3.43596,55.91084],[-3.43733,55.9099],[-3.43746,55.90977],[-3.43738,55.90957],[-3.4366,55.90832],[-3.43693,55.90675],[-3.43674,55.90665],[-3.43583,55.90565],[-3.43511,55.90578],[-3.43461,55.90579],[-3.43393,55.90572],[-3.43354,55.9056],[-3.43328,55.90544],[-3.43281,55.90492],[-3.43224,55.90464],[-3.43201,55.90438],[-3.43116,55.90436],[-3.43082,55.90418],[-3.43007,55.90395],[-3.4286,55.90368],[-3.42738,55.90338],[-3.42604,55.9033],[-3.42335,55.90228],[-3.42237,55.90198],[-3.42144,55.90179],[-3.41891,55.90188],[-3.41735,55.90221],[-3.41444,55.90235],[-3.4131,55.9025],[-3.41296,55.90253],[-3.41276,55.90269],[-3.4073,55.90304],[-3.40662,55.90295],[-3.40672,55.90371],[-3.40709,55.90447],[-3.4073,55.90512],[-3.40734,55.90589],[-3.40708,55.90814],[-3.39524,55.90939],[-3.38889,55.91029],[-3.38068,55.91181],[-3.37744,55.90798],[-3.37727,55.90779],[-3.37693,55.90755],[-3.37853,55.90733],[-3.37913,55.90717],[-3.37958,55.90699],[-3.37968,55.90691],[-3.38165,55.90662],[-3.38123,55.90587],[-3.38099,55.9056],[-3.38064,55.90491],[-3.38431,55.90356],[-3.38542,55.90299],[-3.38609,55.90299],[-3.38638,55.9029],[-3.38705,55.90285],[-3.38748,55.9029],[-3.3878,55.90286],[-3.38864,55.90236],[-3.3897,55.90187],[-3.39049,55.90126],[-3.39088,55.90111],[-3.39099,55.90101],[-3.39112,55.90065],[-3.39104,55.90054],[-3.39105,55.90045],[-3.39087,55.90032],[-3.39064,55.90033],[-3.39061,55.90023],[-3.39064,55.90017],[-3.3905,55.90006],[-3.39064,55.89976],[-3.39071,55.89989],[-3.39095,55.89987],[-3.39108,55.8998],[-3.39095,55.89966],[-3.39103,55.89931],[-3.39098,55.89917],[-3.39049,55.89891],[-3.39022,55.89896],[-3.38924,55.89884],[-3.38913,55.89886],[-3.3889,55.89902],[-3.38842,55.89895],[-3.38811,55.89896],[-3.3878,55.89864],[-3.38736,55.89835],[-3.38726,55.89815],[-3.38684,55.89781],[-3.38683,55.8977],[-3.38695,55.89746],[-3.38677,55.89711],[-3.38665,55.89702],[-3.38688,55.8968],[-3.38695,55.89665],[-3.38727,55.89647],[-3.38723,55.89638],[-3.38704,55.89627],[-3.38698,55.89616],[-3.38718,55.89598],[-3.38732,55.89568],[-3.38749,55.89552],[-3.38783,55.89535],[-3.38857,55.89513],[-3.38875,55.89502],[-3.38877,55.89489],[-3.38903,55.89453],[-3.38901,55.89423],[-3.38892,55.89414],[-3.3889,55.89404],[-3.38915,55.89394],[-3.38933,55.89346],[-3.38992,55.89321],[-3.39011,55.89287],[-3.39008,55.89279],[-3.39025,55.89266],[-3.39035,55.89234],[-3.41109,55.89115],[-3.41077,55.89154],[-3.41103,55.89168],[-3.4112,55.89188],[-3.41514,55.89219],[-3.41637,55.89215],[-3.41708,55.8922],[-3.41758,55.89243],[-3.41853,55.89229],[-3.41935,55.89207],[-3.42057,55.89206],[-3.42135,55.89181],[-3.42184,55.89178],[-3.42354,55.89192],[-3.42457,55.8921],[-3.42775,55.89624],[-3.42986,55.89567],[-3.43545,55.89443],[-3.43863,55.89368],[-3.44075,55.89303],[-3.44259,55.89231],[-3.44413,55.89159],[-3.44549,55.89085],[-3.44785,55.88936],[-3.45015,55.88783],[-3.45161,55.88694],[-3.45418,55.88552],[-3.45662,55.88442],[-3.45902,55.88343],[-3.4622,55.88231],[-3.46426,55.88168],[-3.46316,55.88089],[-3.46465,55.88019],[-3.46593,55.87949],[-3.46672,55.87899],[-3.46783,55.87819],[-3.46887,55.87735],[-3.46979,55.87648],[-3.47051,55.87568],[-3.47111,55.87492],[-3.47071,55.8747],[-3.47005,55.87396],[-3.46918,55.87334],[-3.46763,55.8724],[-3.46723,55.8721],[-3.46607,55.87089],[-3.46547,55.86964],[-3.46544,55.8695],[-3.46836,55.86434],[-3.46852,55.86411],[-3.46909,55.86359],[-3.46968,55.86215],[-3.47033,55.86139],[-3.4713,55.86074],[-3.47306,55.8601],[-3.47299,55.85832],[-3.47211,55.85806],[-3.47129,55.85789],[-3.47041,55.85753],[-3.47014,55.85726],[-3.46998,55.8569],[-3.46347,55.84663],[-3.46346,55.84639],[-3.46361,55.84613],[-3.46402,55.84484],[-3.46923,55.84252],[-3.45911,55.83722],[-3.45823,55.8381],[-3.45781,55.83834],[-3.45699,55.83868],[-3.4487,55.83595],[-3.44209,55.83008],[-3.44189,55.82471],[-3.44141,55.82408],[-3.44116,55.82362],[-3.44093,55.82343],[-3.44081,55.82317],[-3.44034,55.82272],[-3.44002,55.82232],[-3.43998,55.82176],[-3.43861,55.82064],[-3.43401,55.81909],[-3.43453,55.81765],[-3.42891,55.81394],[-3.42597,55.81059],[-3.41967,55.80968],[-3.41574,55.80946],[-3.41135,55.81355],[-3.41056,55.8141],[-3.40443,55.81691],[-3.4029,55.81765],[-3.40041,55.81864],[-3.39965,55.81901],[-3.39476,55.81973],[-3.39324,55.81911],[-3.3917,55.81881],[-3.39129,55.81879],[-3.388,55.81945],[-3.3864,55.82006],[-3.38433,55.82019],[-3.38158,55.82018],[-3.37928,55.82048],[-3.37859,55.82032],[-3.37675,55.82072],[-3.37315,55.82165],[-3.37266,55.82227],[-3.37231,55.82252],[-3.36946,55.82407],[-3.36759,55.82412],[-3.36348,55.82529],[-3.3615,55.82574],[-3.36001,55.82575],[-3.35913,55.82556],[-3.35792,55.82517],[-3.356,55.82477],[-3.35516,55.82527],[-3.35067,55.82713],[-3.34979,55.82835],[-3.35005,55.82919],[-3.34956,55.83022],[-3.34725,55.83145],[-3.34648,55.83192],[-3.34357,55.83391],[-3.32693,55.845],[-3.30148,55.86207],[-3.30105,55.86229],[-3.29658,55.86527],[-3.2962,55.86577],[-3.2957,55.86614],[-3.29544,55.86626],[-3.29503,55.86633],[-3.29412,55.86667],[-3.29317,55.86689],[-3.29177,55.86698],[-3.2917,55.86717],[-3.29278,55.86759],[-3.29666,55.86932],[-3.30237,55.87244],[-3.29481,55.8764],[-3.29686,55.87876],[-3.29741,55.87979],[-3.30059,55.87811],[-3.30113,55.87788],[-3.30123,55.878],[-3.3046,55.88041],[-3.30506,55.88044],[-3.30561,55.8806],[-3.307,55.88137],[-3.30858,55.88197],[-3.30846,55.88223],[-3.31508,55.88539],[-3.31699,55.88713],[-3.31691,55.88743],[-3.31786,55.8879],[-3.31801,55.88813],[-3.31835,55.88847],[-3.31826,55.88859],[-3.31826,55.88871],[-3.31941,55.89005],[-3.31918,55.89014],[-3.31983,55.89089],[-3.32062,55.89156],[-3.32091,55.89186],[-3.32138,55.8914],[-3.32176,55.8912],[-3.32259,55.89111],[-3.3235,55.89045],[-3.32425,55.89027],[-3.32459,55.89032],[-3.32488,55.89049],[-3.32551,55.89073],[-3.32568,55.89086],[-3.32606,55.89092],[-3.32623,55.89115],[-3.32558,55.89132],[-3.32596,55.89183],[-3.32603,55.89217],[-3.32593,55.89241],[-3.3267,55.89338],[-3.32654,55.89344],[-3.32655,55.8936],[-3.32648,55.89378],[-3.32671,55.89408],[-3.32802,55.89378],[-3.32828,55.89377],[-3.3284,55.89389],[-3.32858,55.89395],[-3.32873,55.89418],[-3.3287,55.89421],[-3.3289,55.89461],[-3.32877,55.89463],[-3.32891,55.89492],[-3.3289,55.89499],[-3.32902,55.89499],[-3.32916,55.89525],[-3.32956,55.89518],[-3.32982,55.89574],[-3.33267,55.8949],[-3.33284,55.89505],[-3.33361,55.89482],[-3.3351,55.89389],[-3.33587,55.89359],[-3.33613,55.89343],[-3.33618,55.8933],[-3.33714,55.89308],[-3.34148,55.89777],[-3.34442,55.89826],[-3.34712,55.90048],[-3.34439,55.90109],[-3.34413,55.90109],[-3.34371,55.901],[-3.34332,55.90102],[-3.33856,55.90241],[-3.33928,55.90313],[-3.33981,55.90434],[-3.34081,55.90435],[-3.34092,55.9044],[-3.34362,55.90486],[-3.34387,55.90517],[-3.34479,55.905],[-3.34498,55.90528],[-3.34374,55.90552],[-3.34326,55.9058],[-3.34227,55.90611],[-3.33759,55.9069],[-3.3373,55.90704],[-3.33691,55.90732],[-3.33637,55.9079],[-3.33283,55.909],[-3.33266,55.90914],[-3.33254,55.90936],[-3.33313,55.90966],[-3.33688,55.91399],[-3.33702,55.91422],[-3.33725,55.91441],[-3.3395,55.91421],[-3.34132,55.91421],[-3.34316,55.91433],[-3.34415,55.91446],[-3.34403,55.9146],[-3.34353,55.9147],[-3.34323,55.91482],[-3.34281,55.91512],[-3.34233,55.91533],[-3.34224,55.91543],[-3.34222,55.91591],[-3.34202,55.91613],[-3.341,55.91636],[-3.34058,55.91683],[-3.34059,55.91692],[-3.33986,55.91764],[-3.33939,55.91782],[-3.33926,55.91809],[-3.33901,55.91838],[-3.33724,55.91969],[-3.33901,55.92017],[-3.34074,55.92084],[-3.34158,55.92123],[-3.34416,55.92099]]]}},{"type":"Feature","properties":{"school":"Boroughmuir High","sector":"ND","top_rank":1},"geometry":{"type":"Polygon","coordinates":[[[-3.18646,55.90244],[-3.18648,55.90248],[-3.18642,55.90249],[-3.18654,55.9027],[-3.18753,55.90322],[-3.18757,55.90328],[-3.18817,55.90362],[-3.18884,55.90428],[-3.18601,55.90717],[-3.1848,55.90739],[-3.18482,55.90952],[-3.1845,55.91018],[-3.18414,55.91061],[-3.18521,55.91072],[-3.18634,55.91887],[-3.18956,55.91886],[-3.18966,55.92236],[-3.1898,55.92507],[-3.19005,55.92518],[-3.19062,55.92527],[-3.1909,55.92541],[-3.19197,55.92569],[-3.19291,55.92576],[-3.19372,55.92571],[-3.1937,55.92593],[-3.19375,55.92607],[-3.19314,55.92608],[-3.19322,55.92655],[-3.19691,55.92649],[-3.19813,55.92639],[-3.19964,55.92617],[-3.20006,55.92653],[-3.20015,55.92653],[-3.20015,55.92658],[-3.20325,55.9267],[-3.20375,55.92825],[-3.20608,55.928],[-3.20623,55.92847],[-3.20682,55.92842],[-3.20688,55.92885],[-3.20602,55.92894],[-3.20595,55.92868],[-3.20551,55.92882],[-3.20477,55.92889],[-3.20471,55.92952],[-3.20418,55.92952],[-3.20425,55.93027],[-3.20471,55.93026],[-3.20482,55.9305],[-3.20481,55.93092],[-3.2033,55.93087],[-3.20265,55.93089],[-3.20267,55.93116],[-3.20219,55.9312],[-3.20245,55.93219],[-3.20363,55.93217],[-3.20374,55.93278],[-3.20386,55.93277],[-3.2048,55.93574],[-3.20289,55.93584],[-3.20294,55.93611],[-3.20217,55.93619],[-3.20231,55.93634],[-3.20315,55.93762],[-3.20362,55.93815],[-3.2039,55.93878],[-3.20444,55.93949],[-3.20458,55.9396],[-3.20454,55.93971],[-3.20356,55.94087],[-3.20346,55.94198],[-3.20905,55.94109],[-3.21005,55.94063],[-3.21149,55.94163],[-3.21276,55.94223],[-3.21289,55.94235],[-3.21379,55.94209],[-3.21735,55.94064],[-3.21821,55.94036],[-3.22026,55.93983],[-3.22038,55.93977],[-3.22054,55.93953],[-3.22077,55.93932],[-3.22134,55.93917],[-3.22175,55.93921],[-3.22184,55.93927],[-3.22227,55.93924],[-3.22241,55.93907],[-3.22248,55.93878],[-3.22244,55.93876],[-3.22258,55.93869],[-3.22252,55.93866],[-3.22285,55.93855],[-3.2239,55.93802],[-3.22408,55.93813],[-3.22467,55.93769],[-3.22445,55.9376],[-3.22418,55.9374],[-3.22419,55.93733],[-3.22383,55.93705],[-3.22368,55.93703],[-3.2227,55.93631],[-3.22295,55.93594],[-3.22324,55.93511],[-3.22242,55.93488],[-3.22242,55.93478],[-3.22227,55.93471],[-3.22216,55.93469],[-3.22182,55.93476],[-3.21817,55.93205],[-3.21909,55.93177],[-3.21859,55.9312],[-3.22447,55.92967],[-3.22411,55.92925],[-3.22441,55.92917],[-3.22518,55.92655],[-3.22559,55.92622],[-3.22558,55.92524],[-3.23073,55.92502],[-3.23107,55.92473],[-3.23112,55.92475],[-3.23173,55.92438],[-3.2321,55.92428],[-3.23246,55.92403],[-3.23344,55.92353],[-3.2335,55.92342],[-3.23079,55.92276],[-3.23061,55.91873],[-3.22968,55.91843],[-3.22907,55.91828],[-3.22589,55.91832],[-3.22512,55.91843],[-3.22301,55.91922],[-3.22262,55.91929],[-3.22198,55.91922],[-3.2224,55.91882],[-3.22243,55.91673],[-3.22293,55.91673],[-3.22293,55.91611],[-3.22242,55.91611],[-3.22261,55.91527],[-3.22258,55.91467],[-3.22238,55.91436],[-3.22222,55.91401],[-3.22197,55.91318],[-3.22168,55.91246],[-3.22136,55.91186],[-3.22135,55.91173],[-3.22068,55.91156],[-3.22042,55.91155],[-3.21862,55.91189],[-3.21856,55.91201],[-3.21734,55.91222],[-3.21678,55.91237],[-3.21335,55.91249],[-3.21279,55.91175],[-3.209,55.9083],[-3.20872,55.9078],[-3.20794,55.90533],[-3.20773,55.90496],[-3.20738,55.90452],[-3.20526,55.90262],[-3.20501,55.90232],[-3.20466,55.90167],[-3.2044,55.90143],[-3.20425,55.90138],[-3.2,55.90337],[-3.19945,55.90278],[-3.19826,55.90291],[-3.19718,55.90288],[-3.19648,55.90274],[-3.19566,55.9025],[-3.19571,55.90249],[-3.19513,55.90227],[-3.19428,55.90208],[-3.18951,55.90181],[-3.18646,55.90244]]]}},{"type":"Feature","properties":{"school":"Broughton High","sector":"ND","top_rank":null},"geometry":{"type":"Polygon","coordinates":[[[-3.20127,55.95441],[-3.19803,55.95495],[-3.20106,55.9606],[-3.19985,55.96083],[-3.19913,55.9595],[-3.19832,55.95964],[-3.19757,55.95959],[-3.19682,55.95968],[-3.19638,55.95983],[-3.196,55.96005],[-3.1956,55.96042],[-3.19554,55.96056],[-3.195,55.96065],[-3.19524,55.96114],[-3.19568,55.96108],[-3.19587,55.96145],[-3.19607,55.96133],[-3.19647,55.96123],[-3.19692,55.96187],[-3.19684,55.96189],[-3.19684,55.96199],[-3.19699,55.96204],[-3.19689,55.96241],[-3.19793,55.96257],[-3.1986,55.96289],[-3.19934,55.96304],[-3.19931,55.96314],[-3.19963,55.9632],[-3.2007,55.96247],[-3.20114,55.96234],[-3.20353,55.96258],[-3.20563,55.9625],[-3.20851,55.96218],[-3.21015,55.96213],[-3.21078,55.96206],[-3.21152,55.9619],[-3.21164,55.96201],[-3.21127,55.96223],[-3.21131,55.96244],[-3.2114,55.96261],[-3.2117,55.96273],[-3.21202,55.96315],[-3.21446,55.96655],[-3.21486,55.96722],[-3.215,55.96767],[-3.21511,55.96869],[-3.21519,55.96889],[-3.21562,55.96946],[-3.21594,55.97054],[-3.22866,55.96924],[-3.22872,55.96946],[-3.2287,55.96968],[-3.2268,55.96987],[-3.22707,55.97069],[-3.2258,55.97076],[-3.22534,55.97101],[-3.22543,55.9713],[-3.225,55.97135],[-3.22506,55.97147],[-3.22459,55.97194],[-3.22376,55.97223],[-3.22364,55.97256],[-3.22369,55.9731],[-3.22367,55.97328],[-3.22296,55.97503],[-3.22242,55.97602],[-3.22243,55.97607],[-3.22041,55.97626],[-3.22044,55.97662],[-3.22057,55.97683],[-3.22034,55.97699],[-3.22065,55.97716],[-3.22047,55.9773],[-3.22085,55.97749],[-3.22096,55.97742],[-3.2215,55.97744],[-3.22133,55.97767],[-3.22089,55.97788],[-3.22097,55.97792],[-3.21979,55.97837],[-3.21842,55.97872],[-3.21803,55.97899],[-3.21734,55.97911],[-3.21742,55.97916],[-3.21795,55.97918],[-3.21883,55.97916],[-3.22022,55.97937],[-3.22454,55.98025],[-3.22469,55.98033],[-3.2247,55.98042],[-3.22466,55.98045],[-3.22412,55.98042],[-3.22394,55.98108],[-3.22379,55.98104],[-3.2226,55.98404],[-3.2219,55.98566],[-3.22131,55.98624],[-3.22089,55.98789],[-3.22074,55.98798],[-3.2208,55.98809],[-3.22996,55.98717],[-3.2302,55.98711],[-3.23039,55.98697],[-3.23349,55.98413],[-3.23388,55.9837],[-3.23463,55.98386],[-3.23679,55.98399],[-3.23704,55.98407],[-3.23736,55.98402],[-3.23783,55.98414],[-3.23794,55.98425],[-3.23844,55.98423],[-3.23919,55.98365],[-3.23954,55.98355],[-3.24004,55.98369],[-3.24003,55.98378],[-3.24017,55.98417],[-3.24045,55.98417],[-3.24041,55.98386],[-3.24048,55.98379],[-3.24066,55.98375],[-3.24083,55.98376],[-3.24169,55.98414],[-3.24192,55.98404],[-3.24207,55.98389],[-3.24197,55.98344],[-3.24144,55.98338],[-3.2414,55.98306],[-3.24131,55.98288],[-3.24259,55.98256],[-3.24341,55.98249],[-3.24341,55.98232],[-3.2433,55.98217],[-3.24223,55.98178],[-3.24203,55.98145],[-3.24193,55.98136],[-3.24129,55.98119],[-3.24096,55.98054],[-3.24098,55.98048],[-3.24089,55.98043],[-3.24073,55.98008],[-3.2404,55.97922],[-3.24,55.9784],[-3.24077,55.97739],[-3.24097,55.97695],[-3.24093,55.97679],[-3.23941,55.97711],[-3.23932,55.97691],[-3.23868,55.97701],[-3.2386,55.97683],[-3.23881,55.97677],[-3.2388,55.9767],[-3.23898,55.97668],[-3.23896,55.97659],[-3.23893,55.97649],[-3.23881,55.97644],[-3.23871,55.9763],[-3.23842,55.97621],[-3.23831,55.97585],[-3.23827,55.97546],[-3.23804,55.97548],[-3.23788,55.97504],[-3.23739,55.9751],[-3.23733,55.97492],[-3.23746,55.97491],[-3.23786,55.97464],[-3.23765,55.97386],[-3.23743,55.97383],[-3.2372,55.97373],[-3.23717,55.97366],[-3.23697,55.97369],[-3.23684,55.97334],[-3.23672,55.97336],[-3.23646,55.97323],[-3.23624,55.97319],[-3.23634,55.97314],[-3.23612,55.9728],[-3.23583,55.97268],[-3.2344,55.97283],[-3.23427,55.97281],[-3.2342,55.9727],[-3.23395,55.97258],[-3.23368,55.9726],[-3.23351,55.97276],[-3.23351,55.97288],[-3.23194,55.97303],[-3.23173,55.97319],[-3.23175,55.97353],[-3.23185,55.97361],[-3.23154,55.9738],[-3.2314,55.97384],[-3.23142,55.97392],[-3.23075,55.97391],[-3.23052,55.97316],[-3.22987,55.97297],[-3.22982,55.97279],[-3.23007,55.97262],[-3.23018,55.97245],[-3.2296,55.9725],[-3.22909,55.9709],[-3.23277,55.97047],[-3.23226,55.96887],[-3.23616,55.96844],[-3.23672,55.96843],[-3.23849,55.96825],[-3.23918,55.96823],[-3.23998,55.96832],[-3.24075,55.96807],[-3.24202,55.96787],[-3.24971,55.96707],[-3.25789,55.96597],[-3.26138,55.96586],[-3.26137,55.96574],[-3.26073,55.96447],[-3.25076,55.96134],[-3.24894,55.96076],[-3.24883,55.96068],[-3.24625,55.9609],[-3.24606,55.96064],[-3.24654,55.96053],[-3.24651,55.96042],[-3.24733,55.9603],[-3.24747,55.96021],[-3.24636,55.95958],[-3.24576,55.95907],[-3.24539,55.95867],[-3.24516,55.95829],[-3.24491,55.95812],[-3.24469,55.95736],[-3.24441,55.95674],[-3.24423,55.95641],[-3.24374,55.95571],[-3.24265,55.95463],[-3.24213,55.95422],[-3.24124,55.95366],[-3.23964,55.95289],[-3.2378,55.95216],[-3.23675,55.95158],[-3.23171,55.95232],[-3.23166,55.95221],[-3.23132,55.95204],[-3.23155,55.95192],[-3.22975,55.95088],[-3.22997,55.95077],[-3.22975,55.95068],[-3.22964,55.95055],[-3.22955,55.95018],[-3.22945,55.95019],[-3.22942,55.95013],[-3.22907,55.95013],[-3.22867,55.94998],[-3.22842,55.9498],[-3.22832,55.94955],[-3.228,55.94942],[-3.22741,55.94929],[-3.22672,55.94917],[-3.22552,55.94909],[-3.22451,55.94916],[-3.22347,55.94932],[-3.222,55.9498],[-3.22187,55.94992],[-3.22179,55.95014],[-3.22177,55.95043],[-3.22191,55.95092],[-3.2212,55.951],[-3.21955,55.95004],[-3.21514,55.94706],[-3.20834,55.95008],[-3.20734,55.95019],[-3.19949,55.95152],[-3.20127,55.95441]]]}},{"type":"Feature","properties":{"school":"Castlebrae Community Campus","sector":"ND","top_rank":null},"geometry":{"type":"Polygon","coordinates":[[[-3.10044,55.94092],[-3.10313,55.9406],[-3.1044,55.94039],[-3.10508,55.94014],[-3.10561,55.94003],[-3.10589,55.94005],[-3.10662,55.93977],[-3.10716,55.93984],[-3.10767,55.94002],[-3.10821,55.94013],[-3.10829,55.94021],[-3.10877,55.94036],[-3.10934,55.94042],[-3.10978,55.94032],[-3.11036,55.9401],[-3.11098,55.94006],[-3.1121,55.94019],[-3.11299,55.94007],[-3.11376,55.94011],[-3.11458,55.93989],[-3.11502,55.93984],[-3.11509,55.93886],[-3.11502,55.93869],[-3.11514,55.93839],[-3.11521,55.93762],[-3.11508,55.93701],[-3.12451,55.93668],[-3.12578,55.93658],[-3.12884,55.93625],[-3.13788,55.93625],[-3.13787,55.93645],[-3.13902,55.93644],[-3.13961,55.93657],[-3.14021,55.93662],[-3.1416,55.93667],[-3.1426,55.93655],[-3.14352,55.93651],[-3.14368,55.93674],[-3.14398,55.93663],[-3.14414,55.93651],[-3.14497,55.93665],[-3.14501,55.93661],[-3.15639,55.93843],[-3.15704,55.93851],[-3.16108,55.93647],[-3.16179,55.93679],[-3.16263,55.93699],[-3.16337,55.93707],[-3.16434,55.93703],[-3.16485,55.93695],[-3.16542,55.93678],[-3.16611,55.93652],[-3.16592,55.93637],[-3.1664,55.93617],[-3.16662,55.93633],[-3.16848,55.93555],[-3.16838,55.93547],[-3.16855,55.9354],[-3.16856,55.93518],[-3.16842,55.93508],[-3.16807,55.93522],[-3.16769,55.93495],[-3.16758,55.935],[-3.16695,55.93455],[-3.16705,55.9345],[-3.16671,55.93425],[-3.16719,55.93404],[-3.16681,55.93377],[-3.16625,55.93402],[-3.16528,55.93334],[-3.16319,55.93161],[-3.16324,55.93159],[-3.16292,55.93134],[-3.16258,55.93122],[-3.16273,55.93109],[-3.16315,55.9309],[-3.16309,55.93086],[-3.16248,55.931],[-3.16245,55.93096],[-3.16269,55.93086],[-3.16244,55.93052],[-3.16269,55.93045],[-3.16219,55.92989],[-3.16162,55.92942],[-3.16164,55.92924],[-3.16191,55.92922],[-3.16223,55.92908],[-3.16308,55.92938],[-3.16382,55.92973],[-3.16555,55.93077],[-3.16593,55.93093],[-3.166,55.93055],[-3.16859,55.93094],[-3.16864,55.93049],[-3.16902,55.9305],[-3.169,55.93045],[-3.16967,55.93026],[-3.17017,55.93075],[-3.17097,55.93049],[-3.16756,55.92716],[-3.16684,55.92655],[-3.16667,55.9266],[-3.16565,55.92729],[-3.16506,55.92752],[-3.16387,55.92816],[-3.16285,55.92864],[-3.16245,55.92875],[-3.16223,55.92862],[-3.16184,55.9285],[-3.1612,55.92841],[-3.16084,55.92846],[-3.16069,55.92857],[-3.15999,55.92844],[-3.15984,55.92859],[-3.15808,55.92862],[-3.15857,55.92806],[-3.15659,55.92749],[-3.15432,55.9291],[-3.15183,55.92945],[-3.15032,55.92981],[-3.14832,55.93052],[-3.14711,55.93107],[-3.14419,55.92918],[-3.14424,55.92912],[-3.14328,55.92839],[-3.14236,55.9279],[-3.14157,55.92684],[-3.1411,55.92648],[-3.14111,55.92538],[-3.12638,55.92573],[-3.12527,55.92621],[-3.12493,55.92646],[-3.12481,55.92641],[-3.12426,55.92682],[-3.122,55.92735],[-3.12071,55.9265],[-3.12059,55.92646],[-3.12047,55.92651],[-3.11553,55.92644],[-3.1155,55.92639],[-3.11292,55.92657],[-3.11215,55.92839],[-3.11203,55.92883],[-3.11192,55.92909],[-3.11185,55.92912],[-3.11167,55.92969],[-3.10977,55.92961],[-3.10679,55.92998],[-3.10534,55.93006],[-3.10314,55.9305],[-3.10155,55.93074],[-3.09997,55.93117],[-3.09922,55.93131],[-3.09863,55.93136],[-3.09732,55.93137],[-3.09713,55.93145],[-3.09571,55.93152],[-3.09488,55.93163],[-3.09429,55.93164],[-3.09219,55.93202],[-3.09059,55.93167],[-3.08858,55.93139],[-3.08928,55.93183],[-3.07962,55.93408],[-3.08144,55.9363],[-3.08081,55.93684],[-3.08254,55.93771],[-3.08398,55.93862],[-3.08215,55.93964],[-3.08147,55.94146],[-3.08177,55.94206],[-3.08221,55.94256],[-3.08192,55.94382],[-3.08239,55.94474],[-3.08176,55.94477],[-3.08031,55.94473],[-3.07955,55.94498],[-3.08026,55.94553],[-3.08101,55.94553],[-3.08155,55.94524],[-3.08197,55.94515],[-3.08305,55.94521],[-3.08357,55.94515],[-3.08429,55.94485],[-3.08541,55.94485],[-3.08629,55.94504],[-3.08691,55.945],[-3.08809,55.94464],[-3.08911,55.94404],[-3.09085,55.94359],[-3.0913,55.9434],[-3.09155,55.94322],[-3.09184,55.94311],[-3.0924,55.94279],[-3.09377,55.94243],[-3.09445,55.94239],[-3.09503,55.94215],[-3.09578,55.94205],[-3.09589,55.94201],[-3.09597,55.94185],[-3.09621,55.94176],[-3.09724,55.94171],[-3.09819,55.9416],[-3.09891,55.94131],[-3.09975,55.94106],[-3.10044,55.94092]]]}},{"type":"Feature","properties":{"school":"Craigmount High","sector":"ND","top_rank":2},"geometry":{"type":"Polygon","coordinates":[[[-3.31793,55.93758],[-3.31963,55.93839],[-3.32265,55.93943],[-3.31883,55.94007],[-3.31649,55.94035],[-3.31335,55.94064],[-3.30626,55.94111],[-3.30212,55.94147],[-3.3,55.94169],[-3.29334,55.94264],[-3.29318,55.94241],[-3.29277,55.94154],[-3.29329,55.94146],[-3.29291,55.9401],[-3.29105,55.94006],[-3.29069,55.93929],[-3.29139,55.93897],[-3.29198,55.93886],[-3.29142,55.93846],[-3.29128,55.9384],[-3.28813,55.93892],[-3.28801,55.93891],[-3.2869,55.93795],[-3.28593,55.9376],[-3.28572,55.93769],[-3.2852,55.93732],[-3.28508,55.93717],[-3.28501,55.93695],[-3.28473,55.937],[-3.28458,55.93683],[-3.28404,55.93668],[-3.28394,55.93672],[-3.28419,55.93682],[-3.28318,55.93709],[-3.28308,55.93698],[-3.2819,55.93731],[-3.28149,55.93743],[-3.2816,55.93756],[-3.28132,55.93764],[-3.28128,55.9376],[-3.28096,55.93769],[-3.28091,55.93759],[-3.28076,55.93763],[-3.28098,55.93805],[-3.28024,55.93818],[-3.28079,55.93931],[-3.28093,55.9395],[-3.28131,55.93981],[-3.28108,55.94036],[-3.28111,55.94039],[-3.28067,55.94064],[-3.28086,55.94095],[-3.28104,55.94097],[-3.28128,55.94199],[-3.28022,55.94208],[-3.28032,55.94221],[-3.28066,55.94224],[-3.28067,55.94228],[-3.28091,55.94233],[-3.28092,55.94237],[-3.28119,55.94237],[-3.28118,55.94248],[-3.2814,55.94251],[-3.28142,55.94267],[-3.27452,55.94189],[-3.27221,55.94176],[-3.27081,55.94177],[-3.26561,55.94242],[-3.26385,55.9425],[-3.26118,55.94278],[-3.25804,55.94373],[-3.25665,55.94408],[-3.25422,55.94446],[-3.25104,55.94481],[-3.25104,55.94435],[-3.25111,55.94406],[-3.2517,55.94278],[-3.25172,55.9424],[-3.25156,55.94105],[-3.2512,55.941],[-3.25112,55.94092],[-3.25075,55.94082],[-3.25064,55.94088],[-3.25049,55.94109],[-3.25003,55.94121],[-3.24962,55.94115],[-3.24848,55.94144],[-3.24825,55.94166],[-3.24779,55.94176],[-3.2475,55.94165],[-3.24698,55.94175],[-3.24634,55.94054],[-3.24595,55.94011],[-3.24559,55.93979],[-3.24535,55.93941],[-3.23852,55.94098],[-3.23839,55.94059],[-3.2369,55.94087],[-3.23538,55.941],[-3.22847,55.94122],[-3.22857,55.94176],[-3.22875,55.94224],[-3.22889,55.94252],[-3.22933,55.9431],[-3.22114,55.94485],[-3.21879,55.94528],[-3.2174,55.94558],[-3.21729,55.94567],[-3.21736,55.94572],[-3.21733,55.94577],[-3.21705,55.94574],[-3.21683,55.94606],[-3.21683,55.94615],[-3.21673,55.94633],[-3.21514,55.94706],[-3.21955,55.95004],[-3.2212,55.951],[-3.22191,55.95092],[-3.22177,55.95043],[-3.22179,55.95014],[-3.22187,55.94992],[-3.222,55.9498],[-3.22276,55.94953],[-3.22347,55.94932],[-3.22451,55.94916],[-3.22552,55.94909],[-3.22672,55.94917],[-3.22774,55.94935],[-3.2282,55.94949],[-3.22832,55.94955],[-3.22842,55.9498],[-3.22867,55.94998],[-3.22907,55.95013],[-3.22942,55.95013],[-3.22945,55.95019],[-3.22955,55.95018],[-3.22964,55.95055],[-3.22975,55.95068],[-3.22997,55.95077],[-3.22975,55.95088],[-3.23155,55.95192],[-3.23132,55.95204],[-3.23166,55.95221],[-3.23171,55.95232],[-3.23675,55.95158],[-3.23745,55.95199],[-3.2426,55.95136],[-3.24275,55.9514],[-3.24331,55.95114],[-3.24366,55.95138],[-3.24397,55.95125],[-3.24757,55.95091],[-3.2473,55.95058],[-3.25096,55.9503],[-3.2544,55.9503],[-3.26332,55.94824],[-3.26339,55.94817],[-3.26423,55.94784],[-3.26433,55.94788],[-3.26543,55.95024],[-3.26559,55.95088],[-3.26717,55.95273],[-3.26701,55.95406],[-3.26588,55.95422],[-3.26744,55.9559],[-3.26823,55.95611],[-3.27046,55.95582],[-3.27117,55.95662],[-3.27097,55.95673],[-3.27097,55.95677],[-3.27102,55.95675],[-3.27169,55.95722],[-3.27363,55.95867],[-3.27353,55.95884],[-3.27328,55.95901],[-3.27356,55.95897],[-3.2741,55.95901],[-3.27639,55.96168],[-3.27722,55.96257],[-3.27925,55.96241],[-3.28288,55.96201],[-3.28277,55.96179],[-3.28256,55.96158],[-3.28233,55.96143],[-3.28035,55.95971],[-3.27978,55.95886],[-3.27968,55.95869],[-3.27963,55.95834],[-3.2795,55.9567],[-3.28614,55.95573],[-3.28579,55.95504],[-3.2855,55.95476],[-3.28591,55.95468],[-3.28522,55.954],[-3.28516,55.95401],[-3.28502,55.95392],[-3.28505,55.9539],[-3.28428,55.95355],[-3.28419,55.95361],[-3.28362,55.95331],[-3.28354,55.95337],[-3.28332,55.95322],[-3.28303,55.95334],[-3.28273,55.9532],[-3.28238,55.95339],[-3.28212,55.95335],[-3.28205,55.95317],[-3.2821,55.95317],[-3.28204,55.95313],[-3.28195,55.95289],[-3.28207,55.95288],[-3.28205,55.95282],[-3.28222,55.9528],[-3.28212,55.95255],[-3.29032,55.95144],[-3.29077,55.95214],[-3.29554,55.95142],[-3.29581,55.95196],[-3.29622,55.95192],[-3.29625,55.95199],[-3.29662,55.95194],[-3.29742,55.95344],[-3.29755,55.95371],[-3.29751,55.95382],[-3.29784,55.95443],[-3.29793,55.95447],[-3.29824,55.95498],[-3.29931,55.95697],[-3.30006,55.95684],[-3.30016,55.95702],[-3.2999,55.95706],[-3.30003,55.95728],[-3.30075,55.95717],[-3.30065,55.95706],[-3.30068,55.957],[-3.30171,55.95682],[-3.30231,55.95638],[-3.30307,55.95623],[-3.30287,55.95596],[-3.30277,55.95552],[-3.30274,55.95517],[-3.30281,55.95505],[-3.30281,55.95475],[-3.30298,55.95474],[-3.303,55.95488],[-3.3033,55.95491],[-3.30329,55.95487],[-3.30386,55.95487],[-3.3054,55.95463],[-3.30707,55.95446],[-3.30704,55.95435],[-3.3069,55.95419],[-3.30579,55.95341],[-3.3063,55.95338],[-3.30701,55.95326],[-3.30729,55.95329],[-3.31144,55.95259],[-3.30681,55.95907],[-3.30695,55.9591],[-3.31029,55.9587],[-3.31043,55.9587],[-3.31075,55.95878],[-3.31117,55.95873],[-3.3112,55.95878],[-3.31213,55.95864],[-3.31211,55.95858],[-3.313,55.95845],[-3.31344,55.95841],[-3.31346,55.95846],[-3.31365,55.95843],[-3.31364,55.95839],[-3.31595,55.95806],[-3.31622,55.95807],[-3.31707,55.95795],[-3.31704,55.95789],[-3.31778,55.95778],[-3.31855,55.95915],[-3.31845,55.95968],[-3.32,55.9607],[-3.32005,55.96079],[-3.32009,55.96158],[-3.32013,55.96177],[-3.32025,55.9619],[-3.32071,55.96197],[-3.32111,55.96196],[-3.32363,55.96181],[-3.32445,55.9617],[-3.32497,55.96141],[-3.32592,55.96186],[-3.32586,55.96202],[-3.32595,55.96215],[-3.32621,55.96213],[-3.32667,55.96227],[-3.32781,55.96249],[-3.32891,55.9627],[-3.3292,55.96267],[-3.32969,55.96278],[-3.33015,55.9628],[-3.33094,55.96271],[-3.33144,55.96273],[-3.33185,55.96282],[-3.332,55.96295],[-3.33216,55.96298],[-3.33291,55.96285],[-3.33388,55.96228],[-3.33458,55.96207],[-3.33529,55.96201],[-3.33657,55.96209],[-3.33715,55.96223],[-3.33777,55.96251],[-3.33809,55.96278],[-3.33886,55.96373],[-3.33944,55.96403],[-3.33986,55.96411],[-3.34048,55.96414],[-3.34186,55.964],[-3.34217,55.964],[-3.3428,55.96435],[-3.343,55.96462],[-3.34297,55.96465],[-3.34336,55.965],[-3.34347,55.96524],[-3.34345,55.96544],[-3.34361,55.96563],[-3.34393,55.96577],[-3.34425,55.96577],[-3.34589,55.96537],[-3.34652,55.96533],[-3.34718,55.96521],[-3.3482,55.96473],[-3.34955,55.96384],[-3.35083,55.96309],[-3.35151,55.96272],[-3.3525,55.96227],[-3.35294,55.96199],[-3.35315,55.96093],[-3.35334,55.9605],[-3.35465,55.95891],[-3.35527,55.95859],[-3.35635,55.95831],[-3.35828,55.95771],[-3.35927,55.95751],[-3.36053,55.95717],[-3.36141,55.95669],[-3.36253,55.95623],[-3.36448,55.95582],[-3.36538,55.95552],[-3.36641,55.95513],[-3.36726,55.95472],[-3.36918,55.95395],[-3.36981,55.95365],[-3.37015,55.9533],[-3.37061,55.95295],[-3.37101,55.95283],[-3.37229,55.9526],[-3.3735,55.95248],[-3.37422,55.95214],[-3.37529,55.95191],[-3.37576,55.95192],[-3.37609,55.95201],[-3.37702,55.95253],[-3.37777,55.95276],[-3.37856,55.95278],[-3.37927,55.95267],[-3.37947,55.95256],[-3.37968,55.95234],[-3.37982,55.95192],[-3.37959,55.95125],[-3.37956,55.95083],[-3.37961,55.95046],[-3.37993,55.9502],[-3.38048,55.94999],[-3.38129,55.94993],[-3.3877,55.94969],[-3.38863,55.94984],[-3.38959,55.95007],[-3.3905,55.95018],[-3.39101,55.95019],[-3.39168,55.95009],[-3.39353,55.94936],[-3.39464,55.9491],[-3.39528,55.94907],[-3.39659,55.94917],[-3.39703,55.94929],[-3.39829,55.94988],[-3.39858,55.9501],[-3.39862,55.9502],[-3.39863,55.95028],[-3.39854,55.95047],[-3.39819,55.95083],[-3.39711,55.9517],[-3.39686,55.95211],[-3.39684,55.9524],[-3.39691,55.95258],[-3.39736,55.953],[-3.3978,55.95312],[-3.39862,55.95319],[-3.40313,55.95317],[-3.40325,55.95308],[-3.40331,55.95297],[-3.40336,55.95267],[-3.40337,55.95205],[-3.40353,55.95162],[-3.40409,55.95087],[-3.40447,55.95016],[-3.4049,55.94958],[-3.40539,55.94872],[-3.40559,55.94845],[-3.40595,55.94809],[-3.40646,55.94776],[-3.40734,55.94735],[-3.4085,55.94696],[-3.40981,55.94656],[-3.41213,55.94616],[-3.41273,55.94595],[-3.41356,55.94573],[-3.41397,55.94537],[-3.41417,55.94504],[-3.41423,55.94482],[-3.41425,55.9446],[-3.4142,55.9444],[-3.41391,55.94386],[-3.41434,55.94367],[-3.41651,55.94332],[-3.41825,55.94315],[-3.41954,55.94312],[-3.42264,55.94272],[-3.42326,55.94268],[-3.42573,55.94154],[-3.4266,55.9412],[-3.42669,55.9411],[-3.42698,55.94052],[-3.4274,55.94024],[-3.42759,55.93999],[-3.42766,55.9398],[-3.42795,55.93959],[-3.42974,55.93884],[-3.42996,55.9388],[-3.43007,55.93873],[-3.43041,55.93826],[-3.43074,55.9381],[-3.43182,55.93784],[-3.43191,55.93776],[-3.43316,55.9375],[-3.43009,55.93639],[-3.42671,55.93541],[-3.4242,55.93483],[-3.42208,55.93442],[-3.41998,55.9341],[-3.41808,55.93387],[-3.41811,55.93362],[-3.41833,55.93342],[-3.42002,55.93242],[-3.42067,55.93186],[-3.42096,55.9317],[-3.4213,55.93163],[-3.42178,55.93159],[-3.42218,55.93161],[-3.42318,55.93186],[-3.42405,55.93224],[-3.42538,55.93245],[-3.4276,55.93237],[-3.428,55.93242],[-3.42932,55.93236],[-3.43018,55.93219],[-3.43112,55.93183],[-3.43119,55.93174],[-3.43119,55.93162],[-3.43102,55.93136],[-3.42935,55.93057],[-3.42911,55.93038],[-3.42889,55.93007],[-3.42887,55.92989],[-3.42908,55.92879],[-3.42905,55.92842],[-3.42895,55.92821],[-3.42896,55.92805],[-3.4287,55.92735],[-3.42832,55.92669],[-3.42792,55.92638],[-3.4278,55.92622],[-3.42778,55.92605],[-3.42788,55.92574],[-3.42823,55.92532],[-3.42907,55.92485],[-3.4297,55.92442],[-3.43002,55.92418],[-3.43068,55.92348],[-3.431,55.9233],[-3.43127,55.92277],[-3.43146,55.9225],[-3.43172,55.92226],[-3.43227,55.92196],[-3.43328,55.92158],[-3.43362,55.92128],[-3.43374,55.92081],[-3.43413,55.92006],[-3.43416,55.91983],[-3.43401,55.91923],[-3.43374,55.9177],[-3.43353,55.91715],[-3.43352,55.91695],[-3.43397,55.91663],[-3.43583,55.91599],[-3.43621,55.91552],[-3.43686,55.91455],[-3.43686,55.91435],[-3.43588,55.91413],[-3.43559,55.91429],[-3.43445,55.91394],[-3.4335,55.9134],[-3.43236,55.9121],[-3.43142,55.91232],[-3.43,55.91216],[-3.42931,55.91225],[-3.4285,55.91238],[-3.42749,55.91272],[-3.42693,55.9128],[-3.42697,55.91287],[-3.42478,55.91313],[-3.41959,55.91317],[-3.41905,55.91324],[-3.41116,55.91549],[-3.40956,55.91616],[-3.40887,55.91622],[-3.40894,55.91679],[-3.40861,55.91675],[-3.40836,55.91667],[-3.40812,55.91677],[-3.4028,55.92108],[-3.40092,55.92171],[-3.40093,55.92235],[-3.40079,55.92285],[-3.39997,55.92395],[-3.39752,55.926],[-3.39423,55.92604],[-3.39238,55.92621],[-3.3908,55.92643],[-3.38899,55.9268],[-3.38738,55.92725],[-3.3862,55.92763],[-3.38371,55.92853],[-3.3818,55.92906],[-3.37945,55.92953],[-3.37611,55.92996],[-3.37254,55.93029],[-3.36998,55.93042],[-3.36855,55.93043],[-3.36634,55.93035],[-3.36061,55.93004],[-3.35787,55.92974],[-3.35685,55.92955],[-3.35488,55.92909],[-3.34881,55.92847],[-3.34706,55.92833],[-3.34425,55.92763],[-3.34136,55.927],[-3.33948,55.92667],[-3.33671,55.9263],[-3.33398,55.92603],[-3.33011,55.92588],[-3.32708,55.92589],[-3.32343,55.92602],[-3.32379,55.92644],[-3.32434,55.92753],[-3.32467,55.92798],[-3.32496,55.92831],[-3.32558,55.92868],[-3.32514,55.92916],[-3.31809,55.93079],[-3.31778,55.93037],[-3.3134,55.93129],[-3.31408,55.93231],[-3.31265,55.93259],[-3.31234,55.93271],[-3.31234,55.93308],[-3.31256,55.93334],[-3.31277,55.93335],[-3.31295,55.93342],[-3.31351,55.93429],[-3.31299,55.93435],[-3.31352,55.93595],[-3.31519,55.93629],[-3.31625,55.93671],[-3.31793,55.93758]]]}},{"type":"Feature","properties":{"school":"Craigroyston High","sector":"ND","top_rank":null},"geometry":{"type":"Polygon","coordinates":[[[-3.2528,55.98289],[-3.25327,55.98303],[-3.25335,55.98301],[-3.25378,55.98278],[-3.25465,55.98254],[-3.25481,55.98244],[-3.25469,55.98233],[-3.25737,55.98151],[-3.2624,55.98144],[-3.263,55.98127],[-3.26322,55.98097],[-3.26338,55.98083],[-3.26387,55.98077],[-3.26481,55.98091],[-3.26494,55.98126],[-3.26518,55.98143],[-3.26527,55.98157],[-3.26553,55.98181],[-3.26573,55.98194],[-3.2664,55.98222],[-3.26737,55.9824],[-3.26794,55.9798],[-3.26823,55.97709],[-3.26753,55.97366],[-3.26745,55.97272],[-3.26667,55.9714],[-3.26677,55.97131],[-3.26635,55.97112],[-3.26425,55.96763],[-3.26245,55.96794],[-3.26166,55.96644],[-3.26171,55.96586],[-3.2607,55.96585],[-3.25789,55.96597],[-3.24971,55.96707],[-3.24202,55.96787],[-3.24075,55.96807],[-3.23998,55.96832],[-3.23918,55.96823],[-3.23849,55.96825],[-3.23672,55.96843],[-3.23616,55.96844],[-3.23226,55.96887],[-3.23277,55.97047],[-3.22909,55.9709],[-3.2296,55.9725],[-3.23018,55.97245],[-3.23007,55.97262],[-3.22982,55.97279],[-3.22987,55.97297],[-3.23052,55.97316],[-3.23075,55.97391],[-3.23142,55.97392],[-3.2314,55.97384],[-3.23154,55.9738],[-3.23185,55.97361],[-3.23175,55.97353],[-3.23173,55.97319],[-3.23194,55.97303],[-3.23351,55.97288],[-3.23351,55.97276],[-3.23368,55.9726],[-3.23395,55.97258],[-3.2342,55.9727],[-3.23427,55.97281],[-3.2344,55.97283],[-3.23583,55.97268],[-3.23612,55.9728],[-3.23634,55.97314],[-3.23624,55.97319],[-3.23646,55.97323],[-3.23672,55.97336],[-3.23684,55.97334],[-3.23697,55.97369],[-3.23717,55.97366],[-3.2372,55.97373],[-3.23743,55.97383],[-3.23765,55.97386],[-3.23786,55.97464],[-3.23746,55.97491],[-3.23733,55.97492],[-3.23739,55.9751],[-3.23788,55.97504],[-3.23804,55.97548],[-3.23827,55.97546],[-3.23831,55.97585],[-3.23842,55.97621],[-3.23871,55.9763],[-3.23881,55.97644],[-3.23893,55.97649],[-3.23896,55.97659],[-3.23898,55.97668],[-3.2388,55.9767],[-3.23881,55.97677],[-3.2386,55.97683],[-3.23868,55.97701],[-3.23932,55.97691],[-3.23941,55.97711],[-3.24093,55.97679],[-3.24097,55.97695],[-3.24077,55.97739],[-3.24,55.9784],[-3.2404,55.97922],[-3.24073,55.98008],[-3.24089,55.98043],[-3.24098,55.98048],[-3.24096,55.98054],[-3.24129,55.98119],[-3.24193,55.98136],[-3.24203,55.98145],[-3.24223,55.98178],[-3.24325,55.98214],[-3.24341,55.98232],[-3.24341,55.98249],[-3.24259,55.98256],[-3.24131,55.98288],[-3.2414,55.98306],[-3.24144,55.98338],[-3.24197,55.98344],[-3.24207,55.98389],[-3.24259,55.98377],[-3.2433,55.98374],[-3.24381,55.98376],[-3.24499,55.98393],[-3.24597,55.98397],[-3.24607,55.98399],[-3.24632,55.98418],[-3.24628,55.98431],[-3.24634,55.98436],[-3.24667,55.98428],[-3.24663,55.98412],[-3.24689,55.98399],[-3.24731,55.98402],[-3.24781,55.98417],[-3.24868,55.98417],[-3.24902,55.98421],[-3.24937,55.98438],[-3.24954,55.98462],[-3.2504,55.98444],[-3.25025,55.98422],[-3.25031,55.98418],[-3.2503,55.98412],[-3.25046,55.98406],[-3.25142,55.98381],[-3.25166,55.9838],[-3.25216,55.98357],[-3.25253,55.98346],[-3.25285,55.98326],[-3.2528,55.98289]]]}},{"type":"Feature","properties":{"school":"Currie High","sector":"ND","top_rank":8},"geometry":{"type":"Polygon","coordinates":[[[-3.25351,55.9088],[-3.25381,55.90912],[-3.2546,55.90915],[-3.25524,55.90926],[-3.2556,55.90956],[-3.25591,55.90965],[-3.25687,55.90968],[-3.25734,55.90974],[-3.25767,55.90984],[-3.25861,55.91062],[-3.25889,55.91101],[-3.2592,55.91129],[-3.25927,55.91143],[-3.25949,55.91157],[-3.25958,55.91185],[-3.25968,55.91193],[-3.2596,55.91229],[-3.25944,55.91249],[-3.25936,55.9127],[-3.25935,55.91331],[-3.25951,55.91397],[-3.25947,55.9141],[-3.2593,55.91426],[-3.25927,55.91434],[-3.25874,55.91464],[-3.25781,55.91482],[-3.25656,55.9148],[-3.25546,55.91515],[-3.25514,55.9153],[-3.25492,55.91549],[-3.25484,55.91581],[-3.25442,55.91634],[-3.25427,55.91669],[-3.25432,55.91692],[-3.25422,55.91718],[-3.25389,55.91736],[-3.25364,55.91757],[-3.25297,55.9178],[-3.25284,55.91795],[-3.25302,55.91814],[-3.2534,55.9182],[-3.25366,55.91814],[-3.25402,55.91821],[-3.25434,55.91843],[-3.2544,55.91856],[-3.25579,55.91821],[-3.25646,55.91862],[-3.2568,55.91903],[-3.25776,55.91919],[-3.25878,55.91854],[-3.25934,55.91808],[-3.25953,55.91776],[-3.25992,55.91668],[-3.26013,55.91624],[-3.26036,55.91593],[-3.26188,55.91406],[-3.26248,55.91354],[-3.26312,55.91305],[-3.26523,55.91191],[-3.26774,55.91071],[-3.26806,55.91045],[-3.26826,55.91058],[-3.26876,55.91112],[-3.26877,55.91098],[-3.26996,55.90954],[-3.27055,55.90914],[-3.27135,55.9088],[-3.27172,55.90867],[-3.27186,55.90883],[-3.27252,55.90865],[-3.2728,55.90896],[-3.27298,55.90899],[-3.27668,55.90801],[-3.27892,55.90984],[-3.27891,55.90988],[-3.27896,55.90991],[-3.27893,55.91002],[-3.27903,55.91003],[-3.27892,55.91012],[-3.27848,55.91025],[-3.27836,55.91035],[-3.28428,55.91248],[-3.28515,55.91289],[-3.28544,55.91307],[-3.28585,55.91339],[-3.28625,55.91381],[-3.28944,55.91305],[-3.29353,55.91396],[-3.29495,55.91436],[-3.29684,55.91504],[-3.29778,55.91546],[-3.29895,55.91605],[-3.30104,55.91739],[-3.30686,55.92133],[-3.31593,55.9277],[-3.31671,55.9283],[-3.31743,55.92895],[-3.31817,55.92972],[-3.31888,55.9306],[-3.32514,55.92916],[-3.32558,55.92868],[-3.32496,55.92831],[-3.32467,55.92798],[-3.32434,55.92753],[-3.32379,55.92644],[-3.32343,55.92602],[-3.32708,55.92589],[-3.33011,55.92588],[-3.33264,55.92596],[-3.33556,55.92618],[-3.33859,55.92654],[-3.34136,55.927],[-3.34425,55.92763],[-3.34706,55.92833],[-3.34699,55.92807],[-3.34416,55.92099],[-3.34158,55.92123],[-3.34074,55.92084],[-3.33901,55.92017],[-3.33724,55.91969],[-3.33901,55.91838],[-3.33926,55.91809],[-3.33939,55.91782],[-3.33986,55.91764],[-3.34059,55.91692],[-3.34058,55.91683],[-3.341,55.91636],[-3.34202,55.91613],[-3.34222,55.91591],[-3.34224,55.91543],[-3.34233,55.91533],[-3.34281,55.91512],[-3.34323,55.91482],[-3.34353,55.9147],[-3.34403,55.9146],[-3.34415,55.91446],[-3.34316,55.91433],[-3.34132,55.91421],[-3.3395,55.91421],[-3.33725,55.91441],[-3.33702,55.91422],[-3.33688,55.91399],[-3.33313,55.90966],[-3.33254,55.90936],[-3.33266,55.90914],[-3.33283,55.909],[-3.33637,55.9079],[-3.33691,55.90732],[-3.3373,55.90704],[-3.33759,55.9069],[-3.34227,55.90611],[-3.34326,55.9058],[-3.34374,55.90552],[-3.34498,55.90528],[-3.34479,55.905],[-3.34387,55.90517],[-3.34362,55.90486],[-3.34092,55.9044],[-3.34081,55.90435],[-3.33981,55.90434],[-3.33928,55.90313],[-3.33856,55.90241],[-3.34332,55.90102],[-3.34371,55.901],[-3.34413,55.90109],[-3.34439,55.90109],[-3.34712,55.90048],[-3.34442,55.89826],[-3.34148,55.89777],[-3.33714,55.89308],[-3.33618,55.8933],[-3.33613,55.89343],[-3.33587,55.89359],[-3.3351,55.89389],[-3.33361,55.89482],[-3.33284,55.89505],[-3.33267,55.8949],[-3.32982,55.89574],[-3.32956,55.89518],[-3.32916,55.89525],[-3.32902,55.89499],[-3.3289,55.89499],[-3.32891,55.89492],[-3.32877,55.89463],[-3.3289,55.89461],[-3.3287,55.89421],[-3.32873,55.89418],[-3.32858,55.89395],[-3.3284,55.89389],[-3.32828,55.89377],[-3.32802,55.89378],[-3.32671,55.89408],[-3.32648,55.89378],[-3.32655,55.8936],[-3.32654,55.89344],[-3.3267,55.89338],[-3.32593,55.89241],[-3.32603,55.89217],[-3.32596,55.89183],[-3.32558,55.89132],[-3.32623,55.89115],[-3.32606,55.89092],[-3.32568,55.89086],[-3.32551,55.89073],[-3.32488,55.89049],[-3.32459,55.89032],[-3.32425,55.89027],[-3.3235,55.89045],[-3.32259,55.89111],[-3.32176,55.8912],[-3.32138,55.8914],[-3.32091,55.89186],[-3.32062,55.89156],[-3.31983,55.89089],[-3.31918,55.89014],[-3.31941,55.89005],[-3.31826,55.88871],[-3.31826,55.88859],[-3.31835,55.88847],[-3.31801,55.88813],[-3.31786,55.8879],[-3.31691,55.88743],[-3.31699,55.88713],[-3.31508,55.88539],[-3.30846,55.88223],[-3.30858,55.88197],[-3.307,55.88137],[-3.30561,55.8806],[-3.30506,55.88044],[-3.3046,55.88041],[-3.30123,55.878],[-3.30113,55.87788],[-3.30059,55.87811],[-3.29741,55.87979],[-3.29686,55.87876],[-3.29481,55.8764],[-3.30237,55.87244],[-3.29666,55.86932],[-3.29278,55.86759],[-3.2917,55.86717],[-3.29177,55.86698],[-3.28794,55.86562],[-3.28645,55.86572],[-3.28485,55.86594],[-3.2841,55.86589],[-3.27912,55.86854],[-3.27677,55.86996],[-3.27415,55.87125],[-3.27084,55.87418],[-3.2692,55.87577],[-3.26966,55.87753],[-3.2699,55.87943],[-3.2706,55.8841],[-3.27082,55.88469],[-3.27214,55.88505],[-3.27262,55.88526],[-3.27423,55.88604],[-3.27529,55.8868],[-3.27548,55.88712],[-3.27566,55.88733],[-3.27628,55.88848],[-3.27626,55.8888],[-3.27631,55.88894],[-3.27716,55.88934],[-3.28109,55.89216],[-3.28218,55.89308],[-3.28254,55.89348],[-3.28284,55.89389],[-3.28314,55.89461],[-3.28574,55.89665],[-3.28659,55.89672],[-3.28821,55.89784],[-3.2885,55.89776],[-3.29003,55.89932],[-3.2905,55.89999],[-3.29041,55.90024],[-3.29023,55.90038],[-3.29012,55.9007],[-3.2898,55.9008],[-3.28919,55.90082],[-3.28814,55.90098],[-3.28777,55.90113],[-3.28654,55.90194],[-3.28601,55.9022],[-3.28476,55.90238],[-3.28445,55.90256],[-3.28401,55.90264],[-3.28212,55.90348],[-3.28127,55.90397],[-3.28077,55.90413],[-3.28005,55.90421],[-3.27971,55.90412],[-3.27941,55.90391],[-3.27905,55.90381],[-3.27864,55.90383],[-3.2781,55.90418],[-3.27626,55.90469],[-3.27566,55.90527],[-3.27558,55.90547],[-3.27522,55.90556],[-3.27498,55.90593],[-3.27476,55.90611],[-3.27488,55.90626],[-3.27454,55.90642],[-3.27172,55.90603],[-3.26897,55.90596],[-3.26866,55.90611],[-3.2685,55.90632],[-3.2678,55.90661],[-3.26698,55.90665],[-3.26569,55.90646],[-3.26461,55.90641],[-3.26379,55.9062],[-3.26322,55.90578],[-3.26284,55.90563],[-3.2617,55.90536],[-3.26135,55.90545],[-3.26023,55.90594],[-3.25994,55.90619],[-3.2599,55.90671],[-3.26002,55.90738],[-3.25987,55.90758],[-3.25839,55.90823],[-3.25815,55.90832],[-3.25774,55.90837],[-3.25707,55.90833],[-3.25589,55.90805],[-3.25569,55.90808],[-3.25487,55.90843],[-3.25351,55.9088]]]}},{"type":"Feature","properties":{"school":"Drummond High","sector":"ND","top_rank":null},"geometry":{"type":"Polygon","coordinates":[[[-3.18537,55.95311],[-3.18524,55.95305],[-3.18481,55.95311],[-3.18367,55.95302],[-3.18329,55.95305],[-3.18315,55.95301],[-3.18301,55.95305],[-3.1826,55.95306],[-3.18243,55.95319],[-3.18189,55.95314],[-3.1818,55.95324],[-3.18106,55.95321],[-3.17998,55.95333],[-3.17862,55.95357],[-3.17651,55.9544],[-3.17624,55.95411],[-3.17307,55.95482],[-3.17373,55.95406],[-3.17379,55.95382],[-3.17281,55.95198],[-3.17188,55.95051],[-3.17166,55.95062],[-3.1651,55.95177],[-3.16272,55.95228],[-3.16204,55.95253],[-3.15977,55.95355],[-3.15848,55.9542],[-3.15753,55.95475],[-3.15641,55.95513],[-3.15529,55.95534],[-3.15522,55.95548],[-3.15591,55.95755],[-3.15823,55.95808],[-3.16277,55.95924],[-3.16484,55.95968],[-3.16354,55.96051],[-3.16285,55.96114],[-3.16242,55.96172],[-3.16226,55.96215],[-3.16226,55.96277],[-3.16237,55.96331],[-3.16257,55.96381],[-3.16329,55.96375],[-3.16399,55.96377],[-3.16513,55.96399],[-3.16598,55.96439],[-3.16702,55.96523],[-3.1683,55.96462],[-3.16915,55.96448],[-3.17049,55.96442],[-3.17199,55.96452],[-3.17329,55.96467],[-3.17643,55.96516],[-3.177,55.96452],[-3.17799,55.96358],[-3.17867,55.96411],[-3.18193,55.96691],[-3.18101,55.96735],[-3.18122,55.96752],[-3.17934,55.96825],[-3.17929,55.96832],[-3.17909,55.96841],[-3.17923,55.96851],[-3.17929,55.9686],[-3.17925,55.96862],[-3.17715,55.96942],[-3.17648,55.96922],[-3.17628,55.96949],[-3.17621,55.9695],[-3.17737,55.97009],[-3.17826,55.97078],[-3.17852,55.97071],[-3.17857,55.97076],[-3.17909,55.97057],[-3.17947,55.97087],[-3.17965,55.97082],[-3.18013,55.97137],[-3.1804,55.97161],[-3.18078,55.97215],[-3.18222,55.97196],[-3.18328,55.97194],[-3.18413,55.97182],[-3.18525,55.97156],[-3.18651,55.97178],[-3.18824,55.9718],[-3.18929,55.97176],[-3.19077,55.97152],[-3.19127,55.97115],[-3.19507,55.96888],[-3.19498,55.96881],[-3.19498,55.96872],[-3.19648,55.96788],[-3.19655,55.96775],[-3.19601,55.96747],[-3.1958,55.96713],[-3.19581,55.96704],[-3.19666,55.96662],[-3.19823,55.96599],[-3.19871,55.96542],[-3.19919,55.96628],[-3.2006,55.96966],[-3.20587,55.96793],[-3.20605,55.96813],[-3.20953,55.96706],[-3.20951,55.96703],[-3.2104,55.96673],[-3.21396,55.96585],[-3.2117,55.96273],[-3.2114,55.96261],[-3.21131,55.96244],[-3.21127,55.96223],[-3.21164,55.96201],[-3.21152,55.9619],[-3.21078,55.96206],[-3.21015,55.96213],[-3.20851,55.96218],[-3.20563,55.9625],[-3.20353,55.96258],[-3.20114,55.96234],[-3.2007,55.96247],[-3.19963,55.9632],[-3.19931,55.96314],[-3.19934,55.96304],[-3.1986,55.96289],[-3.19793,55.96257],[-3.19689,55.96241],[-3.19699,55.96204],[-3.19684,55.96199],[-3.19684,55.96189],[-3.19692,55.96187],[-3.19647,55.96123],[-3.19607,55.96133],[-3.19587,55.96145],[-3.19568,55.96108],[-3.19524,55.96114],[-3.195,55.96065],[-3.19554,55.96056],[-3.19573,55.96028],[-3.196,55.96005],[-3.19638,55.95983],[-3.19682,55.95968],[-3.19732,55.9596],[-3.19832,55.95964],[-3.19913,55.9595],[-3.19985,55.96083],[-3.20106,55.9606],[-3.19803,55.95495],[-3.20127,55.95441],[-3.19949,55.95152],[-3.19361,55.95253],[-3.18834,55.9535],[-3.18824,55.95333],[-3.18795,55.95338],[-3.18791,55.95331],[-3.18724,55.95342],[-3.18753,55.95395],[-3.1874,55.95402],[-3.18748,55.9541],[-3.18734,55.95428],[-3.1872,55.95426],[-3.18724,55.95404],[-3.18722,55.9539],[-3.1868,55.95322],[-3.18649,55.95335],[-3.18644,55.9533],[-3.18537,55.95311]]]}},{"type":"Feature","properties":{"school":"Firrhill High","sector":"ND","top_rank":6},"geometry":{"type":"Polygon","coordinates":[[[-3.22129,55.91171],[-3.22135,55.91173],[-3.22136,55.91186],[-3.2217,55.9125],[-3.22201,55.9133],[-3.22222,55.91401],[-3.22238,55.91436],[-3.22258,55.91467],[-3.22261,55.91527],[-3.22242,55.91611],[-3.22293,55.91611],[-3.22293,55.91673],[-3.22243,55.91673],[-3.2224,55.91882],[-3.22198,55.91922],[-3.22262,55.91929],[-3.22301,55.91922],[-3.22512,55.91843],[-3.22589,55.91832],[-3.22907,55.91828],[-3.22968,55.91843],[-3.23061,55.91873],[-3.23079,55.92276],[-3.23356,55.92343],[-3.23442,55.92369],[-3.23485,55.92391],[-3.23595,55.92421],[-3.23669,55.92347],[-3.23691,55.92385],[-3.23677,55.92396],[-3.23732,55.92401],[-3.23724,55.92442],[-3.23794,55.92463],[-3.23815,55.9246],[-3.23812,55.92437],[-3.23806,55.92424],[-3.23827,55.92425],[-3.23849,55.92456],[-3.23883,55.92452],[-3.23886,55.92427],[-3.23916,55.92416],[-3.24001,55.92456],[-3.23974,55.92472],[-3.23929,55.92487],[-3.2383,55.92507],[-3.23836,55.92517],[-3.23969,55.92572],[-3.24102,55.92612],[-3.24309,55.92684],[-3.24323,55.92685],[-3.24928,55.92394],[-3.24984,55.9243],[-3.25168,55.92514],[-3.25213,55.92545],[-3.25226,55.92559],[-3.25252,55.92571],[-3.25351,55.92573],[-3.25487,55.92549],[-3.25579,55.92527],[-3.25661,55.92523],[-3.25847,55.92549],[-3.25901,55.9257],[-3.25955,55.92554],[-3.26013,55.92556],[-3.26086,55.92573],[-3.2614,55.92612],[-3.26196,55.92633],[-3.26223,55.92639],[-3.26248,55.92638],[-3.2649,55.92551],[-3.26536,55.92542],[-3.26566,55.92517],[-3.26696,55.92466],[-3.26847,55.92422],[-3.26776,55.92361],[-3.26808,55.92324],[-3.26757,55.92131],[-3.26755,55.92111],[-3.26757,55.92068],[-3.26775,55.92026],[-3.26837,55.9192],[-3.26779,55.91891],[-3.26756,55.91819],[-3.27811,55.91571],[-3.27761,55.91512],[-3.27678,55.91436],[-3.27642,55.91396],[-3.2763,55.91365],[-3.27631,55.91322],[-3.2757,55.91317],[-3.27531,55.91322],[-3.27426,55.91357],[-3.27221,55.91396],[-3.27164,55.91392],[-3.27111,55.91372],[-3.27093,55.91356],[-3.2698,55.91178],[-3.26969,55.91156],[-3.26968,55.91137],[-3.26907,55.91125],[-3.26877,55.91113],[-3.26826,55.91058],[-3.26806,55.91045],[-3.26774,55.91071],[-3.26523,55.91191],[-3.26312,55.91305],[-3.26248,55.91354],[-3.26188,55.91406],[-3.26013,55.91624],[-3.25992,55.91668],[-3.25953,55.91776],[-3.25934,55.91808],[-3.25878,55.91854],[-3.25776,55.91919],[-3.2568,55.91903],[-3.25646,55.91862],[-3.25579,55.91821],[-3.2544,55.91856],[-3.25434,55.91843],[-3.25402,55.91821],[-3.25366,55.91814],[-3.2534,55.9182],[-3.25302,55.91814],[-3.25284,55.91795],[-3.25297,55.9178],[-3.25364,55.91757],[-3.25389,55.91736],[-3.25422,55.91718],[-3.25432,55.91692],[-3.25427,55.91669],[-3.25442,55.91634],[-3.25484,55.91581],[-3.25492,55.91549],[-3.25514,55.9153],[-3.25546,55.91515],[-3.25656,55.9148],[-3.25781,55.91482],[-3.25874,55.91464],[-3.25927,55.91434],[-3.2593,55.91426],[-3.25947,55.9141],[-3.25951,55.91397],[-3.25935,55.91331],[-3.25936,55.9127],[-3.25944,55.91249],[-3.2596,55.91229],[-3.25968,55.91193],[-3.25958,55.91185],[-3.25949,55.91157],[-3.25927,55.91143],[-3.2592,55.91129],[-3.25889,55.91101],[-3.25861,55.91062],[-3.25767,55.90984],[-3.25734,55.90974],[-3.25687,55.90968],[-3.25591,55.90965],[-3.2556,55.90956],[-3.25524,55.90926],[-3.2546,55.90915],[-3.25381,55.90912],[-3.25351,55.9088],[-3.25487,55.90843],[-3.25569,55.90808],[-3.25589,55.90805],[-3.25707,55.90833],[-3.25774,55.90837],[-3.25815,55.90832],[-3.25839,55.90823],[-3.25987,55.90758],[-3.26002,55.90738],[-3.2599,55.90671],[-3.25994,55.90619],[-3.26023,55.90594],[-3.26135,55.90545],[-3.2617,55.90536],[-3.26284,55.90563],[-3.26322,55.90578],[-3.26379,55.9062],[-3.26461,55.90641],[-3.26569,55.90646],[-3.26698,55.90665],[-3.2678,55.90661],[-3.2685,55.90632],[-3.26866,55.90611],[-3.26897,55.90596],[-3.27172,55.90603],[-3.27454,55.90642],[-3.27488,55.90626],[-3.27476,55.90611],[-3.27498,55.90593],[-3.27522,55.90556],[-3.27558,55.90547],[-3.27566,55.90527],[-3.27626,55.90469],[-3.2781,55.90418],[-3.27864,55.90383],[-3.27905,55.90381],[-3.27941,55.90391],[-3.27971,55.90412],[-3.28005,55.90421],[-3.28077,55.90413],[-3.28127,55.90397],[-3.28212,55.90348],[-3.28401,55.90264],[-3.28445,55.90256],[-3.28476,55.90238],[-3.28601,55.9022],[-3.28654,55.90194],[-3.28777,55.90113],[-3.28814,55.90098],[-3.28919,55.90082],[-3.2898,55.9008],[-3.29012,55.9007],[-3.29023,55.90038],[-3.29041,55.90024],[-3.2905,55.89999],[-3.29003,55.89932],[-3.2885,55.89776],[-3.28821,55.89784],[-3.28659,55.89672],[-3.28574,55.89665],[-3.28314,55.89461],[-3.28284,55.89389],[-3.28254,55.89348],[-3.28218,55.89308],[-3.28109,55.89216],[-3.27716,55.88934],[-3.27631,55.88894],[-3.27626,55.8888],[-3.27628,55.88848],[-3.27566,55.88733],[-3.27548,55.88712],[-3.27529,55.8868],[-3.27423,55.88604],[-3.27262,55.88526],[-3.27214,55.88505],[-3.27082,55.88469],[-3.2706,55.8841],[-3.2699,55.87943],[-3.26966,55.87753],[-3.2692,55.87577],[-3.2684,55.87595],[-3.26739,55.87594],[-3.26573,55.8761],[-3.26509,55.87607],[-3.26492,55.87589],[-3.26445,55.87573],[-3.26433,55.87546],[-3.26392,55.87526],[-3.26398,55.87514],[-3.26387,55.87501],[-3.26362,55.87487],[-3.26344,55.87485],[-3.26335,55.87463],[-3.26336,55.8745],[-3.26314,55.87427],[-3.26303,55.87422],[-3.26282,55.8742],[-3.26272,55.87405],[-3.26241,55.8739],[-3.26232,55.87373],[-3.26201,55.87356],[-3.26188,55.87336],[-3.26144,55.87313],[-3.26106,55.87274],[-3.26092,55.87271],[-3.26078,55.87257],[-3.26034,55.87247],[-3.25984,55.87224],[-3.25969,55.8721],[-3.25942,55.87199],[-3.25917,55.87171],[-3.25898,55.87158],[-3.25832,55.87146],[-3.25725,55.87099],[-3.25685,55.87076],[-3.25529,55.87017],[-3.25531,55.87013],[-3.25513,55.86997],[-3.25494,55.86955],[-3.2549,55.86918],[-3.25464,55.86898],[-3.25392,55.86857],[-3.25387,55.8688],[-3.25369,55.86896],[-3.25364,55.86917],[-3.25353,55.86937],[-3.25319,55.86978],[-3.25222,55.87049],[-3.25175,55.87094],[-3.25092,55.87147],[-3.25068,55.87183],[-3.25049,55.87203],[-3.25037,55.87207],[-3.25035,55.87214],[-3.25024,55.87223],[-3.2501,55.87247],[-3.25005,55.8727],[-3.24961,55.87316],[-3.24945,55.8732],[-3.24958,55.87332],[-3.24956,55.87357],[-3.24963,55.87364],[-3.24965,55.87381],[-3.24949,55.87419],[-3.24951,55.87429],[-3.24943,55.87441],[-3.24942,55.87465],[-3.24922,55.87494],[-3.24924,55.87501],[-3.2492,55.87511],[-3.24924,55.87523],[-3.24902,55.87547],[-3.24828,55.87561],[-3.24788,55.87583],[-3.24734,55.87605],[-3.24696,55.87612],[-3.24647,55.87636],[-3.24631,55.87635],[-3.24589,55.87644],[-3.24537,55.87661],[-3.24483,55.87696],[-3.24417,55.87721],[-3.2439,55.87721],[-3.24375,55.87715],[-3.24296,55.87722],[-3.24207,55.8772],[-3.23975,55.87804],[-3.23982,55.88048],[-3.23886,55.88175],[-3.23855,55.88256],[-3.23841,55.88274],[-3.2372,55.88248],[-3.23475,55.88301],[-3.23435,55.88299],[-3.23359,55.88325],[-3.23275,55.88378],[-3.23216,55.88397],[-3.2316,55.88392],[-3.22961,55.8834],[-3.22789,55.88386],[-3.22709,55.8837],[-3.22457,55.88235],[-3.22358,55.88259],[-3.22133,55.883],[-3.21945,55.88225],[-3.21479,55.88224],[-3.21174,55.88198],[-3.20909,55.88325],[-3.20934,55.88339],[-3.21097,55.88379],[-3.21171,55.88414],[-3.21345,55.88448],[-3.21404,55.88531],[-3.2142,55.88578],[-3.21395,55.88644],[-3.21103,55.88812],[-3.20693,55.88966],[-3.20426,55.88986],[-3.20232,55.89016],[-3.20096,55.89028],[-3.20074,55.89039],[-3.20077,55.89072],[-3.1998,55.89068],[-3.19906,55.89122],[-3.19003,55.89005],[-3.18772,55.89133],[-3.18465,55.89145],[-3.18496,55.89914],[-3.18646,55.90244],[-3.18951,55.90181],[-3.19428,55.90208],[-3.19513,55.90227],[-3.19571,55.90249],[-3.19566,55.9025],[-3.19648,55.90274],[-3.19718,55.90288],[-3.19826,55.90291],[-3.19945,55.90278],[-3.2,55.90337],[-3.20425,55.90138],[-3.2044,55.90143],[-3.20466,55.90167],[-3.20501,55.90232],[-3.20526,55.90262],[-3.20738,55.90452],[-3.20773,55.90496],[-3.20794,55.90533],[-3.20872,55.9078],[-3.209,55.9083],[-3.21279,55.91175],[-3.21335,55.91249],[-3.21678,55.91237],[-3.21734,55.91222],[-3.21856,55.91201],[-3.21862,55.91189],[-3.22042,55.91155],[-3.22068,55.91156],[-3.22129,55.91171]]]}},{"type":"Feature","properties":{"school":"Forrester High","sector":"ND","top_rank":null},"geometry":{"type":"Polygon","coordinates":[[[-3.28501,55.93695],[-3.28508,55.93717],[-3.2852,55.93732],[-3.28572,55.93769],[-3.28593,55.9376],[-3.2869,55.93795],[-3.28801,55.93891],[-3.28813,55.93892],[-3.29128,55.9384],[-3.2916,55.93857],[-3.29198,55.93886],[-3.29139,55.93897],[-3.29069,55.93929],[-3.29105,55.94006],[-3.29291,55.9401],[-3.29329,55.94146],[-3.29277,55.94154],[-3.29318,55.94241],[-3.29334,55.94264],[-3.3,55.94169],[-3.30212,55.94147],[-3.30626,55.94111],[-3.31335,55.94064],[-3.31649,55.94035],[-3.31883,55.94007],[-3.32265,55.93943],[-3.31963,55.93839],[-3.31858,55.93792],[-3.31625,55.93671],[-3.3156,55.93644],[-3.31481,55.93619],[-3.31352,55.93595],[-3.31299,55.93435],[-3.31351,55.93429],[-3.31295,55.93342],[-3.31277,55.93335],[-3.31256,55.93334],[-3.31234,55.93308],[-3.31234,55.93271],[-3.31179,55.93228],[-3.30951,55.92892],[-3.30921,55.92881],[-3.3083,55.92889],[-3.30757,55.92778],[-3.30749,55.92758],[-3.29298,55.92918],[-3.29229,55.92784],[-3.29223,55.9277],[-3.29224,55.92748],[-3.29233,55.92737],[-3.29265,55.92724],[-3.29367,55.92709],[-3.29277,55.92523],[-3.2915,55.92292],[-3.29126,55.92229],[-3.29056,55.92109],[-3.28882,55.91849],[-3.28818,55.9172],[-3.28796,55.9164],[-3.28784,55.91626],[-3.28683,55.91634],[-3.28613,55.9165],[-3.28495,55.91693],[-3.28476,55.91709],[-3.28468,55.91743],[-3.28454,55.91761],[-3.28367,55.91816],[-3.2827,55.91931],[-3.28245,55.91953],[-3.28182,55.91989],[-3.28118,55.92008],[-3.27992,55.92057],[-3.27834,55.92105],[-3.27596,55.92151],[-3.27491,55.92183],[-3.27277,55.92258],[-3.27058,55.92349],[-3.26847,55.92422],[-3.26696,55.92466],[-3.2663,55.92491],[-3.26566,55.92517],[-3.26536,55.92542],[-3.26745,55.92539],[-3.26831,55.92543],[-3.26802,55.92563],[-3.2681,55.92567],[-3.26805,55.92571],[-3.26865,55.92595],[-3.26875,55.92595],[-3.26895,55.92579],[-3.26938,55.92592],[-3.26963,55.92605],[-3.26937,55.92625],[-3.26942,55.92632],[-3.2699,55.92637],[-3.27029,55.92649],[-3.2706,55.92675],[-3.27119,55.92752],[-3.27151,55.92782],[-3.27181,55.92821],[-3.27438,55.93261],[-3.27464,55.93284],[-3.27232,55.93341],[-3.25724,55.93681],[-3.25705,55.937],[-3.25698,55.93731],[-3.25707,55.93749],[-3.25727,55.93849],[-3.25745,55.93906],[-3.25789,55.93975],[-3.2597,55.94094],[-3.261,55.94141],[-3.26244,55.94166],[-3.26355,55.94164],[-3.26385,55.9425],[-3.26561,55.94242],[-3.27081,55.94177],[-3.27176,55.94175],[-3.27347,55.94181],[-3.27549,55.94198],[-3.28142,55.94267],[-3.2814,55.94251],[-3.28118,55.94248],[-3.28119,55.94237],[-3.28092,55.94237],[-3.28091,55.94233],[-3.28067,55.94228],[-3.28066,55.94224],[-3.28032,55.94221],[-3.28022,55.94208],[-3.28128,55.94199],[-3.28104,55.94097],[-3.28086,55.94095],[-3.28067,55.94064],[-3.28111,55.94039],[-3.28108,55.94036],[-3.28131,55.93981],[-3.28093,55.9395],[-3.28079,55.93931],[-3.28024,55.93818],[-3.28098,55.93805],[-3.28076,55.93763],[-3.28091,55.93759],[-3.28096,55.93769],[-3.28128,55.9376],[-3.28132,55.93764],[-3.2816,55.93756],[-3.28149,55.93743],[-3.2819,55.93731],[-3.28308,55.93698],[-3.28318,55.93709],[-3.28419,55.93682],[-3.28394,55.93672],[-3.28404,55.93668],[-3.28458,55.93683],[-3.28473,55.937],[-3.28501,55.93695]]]}},{"type":"Feature","properties":{"school":"Gracemount High","sector":"ND","top_rank":null},"geometry":{"type":"Polygon","coordinates":[[[-3.16864,55.90957],[-3.18409,55.90844],[-3.1848,55.90842],[-3.1848,55.90739],[-3.18601,55.90717],[-3.18884,55.90428],[-3.18817,55.90362],[-3.18757,55.90328],[-3.18753,55.90322],[-3.18654,55.9027],[-3.18638,55.90247],[-3.18645,55.90242],[-3.18496,55.89914],[-3.18468,55.89192],[-3.1827,55.89176],[-3.17406,55.89089],[-3.1631,55.88958],[-3.1628,55.88945],[-3.1626,55.88913],[-3.16244,55.88909],[-3.16217,55.88934],[-3.16174,55.88946],[-3.15519,55.88965],[-3.15125,55.88971],[-3.15129,55.88998],[-3.15134,55.89],[-3.15196,55.89016],[-3.15315,55.89036],[-3.15395,55.89061],[-3.15448,55.89082],[-3.15454,55.89089],[-3.15379,55.89111],[-3.15305,55.89144],[-3.15053,55.89298],[-3.14916,55.89342],[-3.14795,55.89345],[-3.14794,55.89365],[-3.1481,55.89427],[-3.14837,55.89477],[-3.1488,55.89503],[-3.14925,55.8954],[-3.1469,55.89698],[-3.14585,55.89757],[-3.14507,55.89822],[-3.14373,55.89936],[-3.14425,55.89974],[-3.14387,55.89993],[-3.14373,55.89985],[-3.14326,55.90008],[-3.14298,55.90047],[-3.143,55.90062],[-3.14285,55.90074],[-3.14236,55.90051],[-3.14206,55.90047],[-3.142,55.9006],[-3.142,55.9008],[-3.14179,55.90111],[-3.14177,55.90127],[-3.14169,55.90138],[-3.14171,55.90152],[-3.14163,55.90162],[-3.14177,55.90169],[-3.14137,55.90187],[-3.14238,55.90212],[-3.14247,55.90224],[-3.14278,55.90223],[-3.14275,55.90238],[-3.14254,55.90237],[-3.14241,55.90262],[-3.14227,55.90328],[-3.14224,55.90389],[-3.14553,55.9044],[-3.14537,55.90465],[-3.14489,55.90488],[-3.14481,55.90525],[-3.14471,55.90545],[-3.14476,55.9055],[-3.1447,55.90559],[-3.14472,55.90574],[-3.14436,55.90601],[-3.14423,55.90632],[-3.14403,55.90659],[-3.14406,55.90675],[-3.14456,55.90715],[-3.14463,55.90728],[-3.14457,55.90734],[-3.14424,55.90739],[-3.14423,55.90743],[-3.1443,55.9075],[-3.14464,55.90752],[-3.1448,55.90761],[-3.14486,55.90775],[-3.14482,55.90795],[-3.14498,55.90816],[-3.14535,55.90827],[-3.14539,55.90835],[-3.14564,55.90849],[-3.14603,55.90857],[-3.14615,55.90865],[-3.14615,55.90875],[-3.14587,55.90887],[-3.14573,55.90904],[-3.14585,55.90919],[-3.14579,55.90956],[-3.14668,55.90965],[-3.14752,55.90951],[-3.14762,55.90954],[-3.14779,55.90968],[-3.1485,55.91],[-3.14857,55.91044],[-3.14838,55.91066],[-3.14836,55.91077],[-3.14864,55.91099],[-3.14875,55.91114],[-3.14873,55.9116],[-3.14886,55.91206],[-3.15037,55.9121],[-3.15328,55.91278],[-3.15405,55.91287],[-3.15493,55.91286],[-3.15588,55.91267],[-3.15548,55.91195],[-3.15836,55.91152],[-3.15666,55.90968],[-3.1573,55.90959],[-3.15783,55.91014],[-3.16251,55.91017],[-3.16259,55.90952],[-3.16344,55.90952],[-3.16345,55.90946],[-3.16381,55.90953],[-3.16387,55.90945],[-3.16862,55.91046],[-3.16864,55.90957]]]}},{"type":"Feature","properties":{"school":"James Gillespie's High","sector":"ND","top_rank":3},"geometry":{"type":"Polygon","coordinates":[[[-3.1769,55.94486],[-3.1773,55.94565],[-3.17739,55.9461],[-3.17738,55.94641],[-3.17705,55.9475],[-3.17681,55.94798],[-3.17654,55.94831],[-3.17623,55.94862],[-3.17579,55.94896],[-3.17479,55.94953],[-3.17325,55.95011],[-3.17188,55.95051],[-3.17281,55.95198],[-3.17379,55.95382],[-3.17373,55.95406],[-3.17307,55.95482],[-3.17624,55.95411],[-3.17651,55.9544],[-3.17834,55.95366],[-3.17898,55.95349],[-3.18073,55.95323],[-3.18148,55.9532],[-3.1818,55.95324],[-3.18189,55.95314],[-3.18243,55.95319],[-3.1826,55.95306],[-3.18301,55.95305],[-3.18315,55.95301],[-3.18329,55.95305],[-3.18367,55.95302],[-3.18481,55.95311],[-3.18524,55.95305],[-3.18537,55.95311],[-3.18644,55.9533],[-3.18649,55.95335],[-3.1868,55.95322],[-3.18722,55.9539],[-3.18724,55.95404],[-3.1872,55.95426],[-3.18734,55.95428],[-3.18748,55.9541],[-3.1874,55.95402],[-3.18753,55.95395],[-3.18724,55.95342],[-3.18791,55.95331],[-3.18795,55.95338],[-3.18824,55.95333],[-3.18834,55.9535],[-3.19361,55.95253],[-3.20563,55.95047],[-3.20734,55.95019],[-3.20834,55.95008],[-3.21514,55.94706],[-3.21421,55.947],[-3.21422,55.94617],[-3.21305,55.94615],[-3.21292,55.94592],[-3.21326,55.94587],[-3.21339,55.94579],[-3.21268,55.94481],[-3.21251,55.9447],[-3.21434,55.94373],[-3.21387,55.94343],[-3.21376,55.94348],[-3.2137,55.94344],[-3.2132,55.94368],[-3.21295,55.94352],[-3.21205,55.94332],[-3.21156,55.9427],[-3.21217,55.94254],[-3.21201,55.94238],[-3.21214,55.94233],[-3.2121,55.9423],[-3.21256,55.94214],[-3.21149,55.94163],[-3.21005,55.94063],[-3.20905,55.94109],[-3.20346,55.94198],[-3.20356,55.94087],[-3.20454,55.93971],[-3.20458,55.9396],[-3.20444,55.93949],[-3.2039,55.93878],[-3.20362,55.93815],[-3.20315,55.93762],[-3.20231,55.93634],[-3.20217,55.93619],[-3.20294,55.93611],[-3.20289,55.93584],[-3.2048,55.93574],[-3.20386,55.93277],[-3.20374,55.93278],[-3.20363,55.93217],[-3.20245,55.93219],[-3.20219,55.9312],[-3.20267,55.93116],[-3.20265,55.93089],[-3.2033,55.93087],[-3.20481,55.93092],[-3.20482,55.9305],[-3.20471,55.93026],[-3.20425,55.93027],[-3.20418,55.92952],[-3.20471,55.92952],[-3.20477,55.92889],[-3.20551,55.92882],[-3.20595,55.92868],[-3.20602,55.92894],[-3.20688,55.92885],[-3.20682,55.92842],[-3.20623,55.92847],[-3.20608,55.928],[-3.20375,55.92825],[-3.20325,55.9267],[-3.20015,55.92658],[-3.20015,55.92653],[-3.20006,55.92653],[-3.19964,55.92617],[-3.19813,55.92639],[-3.19691,55.92649],[-3.19322,55.92655],[-3.19314,55.92608],[-3.19375,55.92607],[-3.1937,55.92593],[-3.19372,55.92571],[-3.19291,55.92576],[-3.19197,55.92569],[-3.1909,55.92541],[-3.19062,55.92527],[-3.19005,55.92518],[-3.1898,55.92507],[-3.18966,55.92236],[-3.18769,55.92232],[-3.18769,55.92213],[-3.18685,55.92211],[-3.18647,55.92292],[-3.18645,55.92312],[-3.18632,55.92335],[-3.18629,55.92357],[-3.18075,55.92452],[-3.18066,55.92473],[-3.17976,55.92463],[-3.17266,55.92438],[-3.17221,55.92432],[-3.16719,55.92593],[-3.16712,55.92599],[-3.16684,55.92655],[-3.16756,55.92716],[-3.17097,55.93049],[-3.17017,55.93075],[-3.16967,55.93026],[-3.169,55.93045],[-3.16902,55.9305],[-3.16864,55.93049],[-3.16859,55.93094],[-3.166,55.93055],[-3.16593,55.93093],[-3.16555,55.93077],[-3.16382,55.92973],[-3.16308,55.92938],[-3.16223,55.92908],[-3.16191,55.92922],[-3.16164,55.92924],[-3.16162,55.92942],[-3.16219,55.92989],[-3.16269,55.93045],[-3.16244,55.93052],[-3.16269,55.93086],[-3.16245,55.93096],[-3.16248,55.931],[-3.16309,55.93086],[-3.16315,55.9309],[-3.16273,55.93109],[-3.16258,55.93122],[-3.16292,55.93134],[-3.16324,55.93159],[-3.16319,55.93161],[-3.16528,55.93334],[-3.16625,55.93402],[-3.16681,55.93377],[-3.16719,55.93404],[-3.16671,55.93425],[-3.16705,55.9345],[-3.16695,55.93455],[-3.16758,55.935],[-3.16769,55.93495],[-3.16807,55.93522],[-3.16842,55.93508],[-3.16856,55.93518],[-3.16855,55.9354],[-3.16838,55.93547],[-3.16848,55.93555],[-3.16662,55.93633],[-3.1664,55.93617],[-3.16592,55.93637],[-3.16611,55.93652],[-3.16532,55.93682],[-3.16485,55.93695],[-3.16499,55.94116],[-3.16527,55.94145],[-3.16548,55.94195],[-3.16579,55.9422],[-3.16608,55.94231],[-3.16649,55.94237],[-3.16794,55.94235],[-3.16852,55.94239],[-3.16981,55.94261],[-3.17036,55.94258],[-3.17055,55.94267],[-3.17092,55.94273],[-3.17267,55.94286],[-3.17402,55.94286],[-3.17458,55.94291],[-3.17511,55.94301],[-3.17563,55.94324],[-3.17599,55.94354],[-3.1769,55.94486]]]}},{"type":"Feature","properties":{"school":"Leith Academy","sector":"ND","top_rank":null},"geometry":{"type":"Polygon","coordinates":[[[-3.17625,55.96948],[-3.17628,55.96949],[-3.17648,55.96922],[-3.17715,55.96942],[-3.17925,55.96862],[-3.17929,55.9686],[-3.17923,55.96851],[-3.17909,55.96841],[-3.17929,55.96832],[-3.17934,55.96825],[-3.18122,55.96752],[-3.18101,55.96735],[-3.18193,55.96691],[-3.17867,55.96411],[-3.17799,55.96358],[-3.177,55.96452],[-3.17643,55.96516],[-3.17329,55.96467],[-3.17199,55.96452],[-3.17049,55.96442],[-3.16915,55.96448],[-3.1683,55.96462],[-3.16702,55.96523],[-3.16598,55.96439],[-3.16513,55.96399],[-3.16399,55.96377],[-3.16329,55.96375],[-3.16257,55.96381],[-3.16237,55.96331],[-3.16226,55.96277],[-3.16226,55.96215],[-3.16242,55.96172],[-3.16285,55.96114],[-3.16354,55.96051],[-3.16484,55.95968],[-3.16277,55.95924],[-3.15823,55.95808],[-3.15591,55.95755],[-3.15522,55.95548],[-3.15263,55.95515],[-3.14944,55.95498],[-3.1492,55.95498],[-3.14897,55.95504],[-3.14671,55.95513],[-3.14446,55.95511],[-3.14212,55.95536],[-3.13725,55.95615],[-3.13232,55.95653],[-3.12624,55.95729],[-3.12349,55.95751],[-3.12275,55.95745],[-3.12292,55.95779],[-3.12335,55.95823],[-3.12286,55.95829],[-3.12277,55.95826],[-3.12273,55.95814],[-3.1226,55.95816],[-3.12258,55.9581],[-3.12206,55.95814],[-3.12188,55.95807],[-3.11924,55.9583],[-3.11915,55.95822],[-3.11887,55.95825],[-3.1185,55.95849],[-3.11943,55.95906],[-3.12243,55.9606],[-3.12277,55.9609],[-3.12463,55.96186],[-3.12888,55.96439],[-3.12961,55.96504],[-3.13075,55.96568],[-3.13213,55.96619],[-3.13358,55.96719],[-3.13488,55.96779],[-3.13577,55.96814],[-3.13712,55.96841],[-3.13707,55.96845],[-3.13758,55.96856],[-3.13661,55.9692],[-3.13648,55.96945],[-3.13647,55.96965],[-3.13655,55.96987],[-3.13676,55.97005],[-3.14077,55.97256],[-3.14142,55.97288],[-3.14789,55.97519],[-3.14813,55.97523],[-3.14842,55.97536],[-3.14863,55.97536],[-3.15038,55.97596],[-3.15147,55.97626],[-3.15408,55.97722],[-3.15497,55.9764],[-3.16119,55.97862],[-3.16167,55.97817],[-3.16302,55.97865],[-3.16329,55.97839],[-3.16719,55.9797],[-3.17237,55.98086],[-3.17059,55.9793],[-3.16993,55.97838],[-3.16975,55.9779],[-3.16967,55.97753],[-3.1697,55.97727],[-3.16984,55.97688],[-3.17004,55.97646],[-3.17033,55.97607],[-3.17056,55.97585],[-3.17086,55.97564],[-3.17122,55.97548],[-3.17166,55.97537],[-3.17264,55.97526],[-3.17423,55.97529],[-3.17534,55.97549],[-3.17613,55.97557],[-3.17663,55.97556],[-3.1804,55.97421],[-3.1811,55.97389],[-3.18121,55.97377],[-3.18117,55.97367],[-3.18087,55.97343],[-3.18053,55.97324],[-3.17972,55.97303],[-3.17961,55.97292],[-3.1797,55.97266],[-3.17994,55.97245],[-3.18078,55.97215],[-3.1804,55.97161],[-3.18013,55.97137],[-3.17965,55.97082],[-3.17947,55.97087],[-3.17909,55.97057],[-3.17857,55.97076],[-3.17852,55.97071],[-3.17826,55.97078],[-3.17737,55.97009],[-3.17621,55.9695],[-3.17625,55.96948]],[[-3.17621,55.96945],[-3.17621,55.96946],[-3.17621,55.96946],[-3.17621,55.96945]]]}},{"type":"Feature","properties":{"school":"Liberton High","sector":"ND","top_rank":null},"geometry":{"type":"Polygon","coordinates":[[[-3.14373,55.89985],[-3.14387,55.89993],[-3.14425,55.89974],[-3.14373,55.89936],[-3.14585,55.89757],[-3.1469,55.89698],[-3.14925,55.8954],[-3.1488,55.89503],[-3.1483,55.8947],[-3.1481,55.89427],[-3.14794,55.89365],[-3.14795,55.89345],[-3.14916,55.89342],[-3.15053,55.89298],[-3.15305,55.89144],[-3.15379,55.89111],[-3.15454,55.89089],[-3.15448,55.89082],[-3.15395,55.89061],[-3.15315,55.89036],[-3.15196,55.89016],[-3.15134,55.89],[-3.15129,55.88998],[-3.15125,55.88971],[-3.14776,55.8898],[-3.14209,55.89052],[-3.13829,55.89118],[-3.13656,55.89154],[-3.13485,55.89197],[-3.13308,55.89249],[-3.13273,55.89247],[-3.13264,55.8925],[-3.13299,55.89285],[-3.12508,55.89565],[-3.12294,55.89636],[-3.12097,55.89695],[-3.11772,55.89769],[-3.11584,55.89803],[-3.11337,55.89833],[-3.11267,55.89831],[-3.11209,55.89809],[-3.11189,55.89818],[-3.1121,55.89871],[-3.1105,55.89889],[-3.10859,55.89906],[-3.1078,55.89903],[-3.10537,55.89923],[-3.1028,55.89926],[-3.09933,55.89923],[-3.09727,55.89931],[-3.09534,55.8995],[-3.09319,55.89983],[-3.09267,55.8998],[-3.09216,55.90022],[-3.09248,55.90026],[-3.09371,55.90076],[-3.0947,55.90126],[-3.09519,55.90158],[-3.09524,55.90156],[-3.09814,55.90404],[-3.10206,55.90555],[-3.10388,55.90652],[-3.1048,55.90694],[-3.10492,55.90688],[-3.10581,55.90741],[-3.10555,55.90752],[-3.10641,55.9082],[-3.11108,55.91102],[-3.11118,55.91096],[-3.11125,55.911],[-3.11122,55.91104],[-3.11151,55.91123],[-3.11175,55.91134],[-3.11164,55.91138],[-3.11273,55.9121],[-3.1146,55.91297],[-3.11485,55.91281],[-3.11578,55.91296],[-3.11764,55.91307],[-3.11767,55.91334],[-3.12034,55.91306],[-3.12183,55.91282],[-3.12316,55.9128],[-3.12464,55.91289],[-3.12466,55.91311],[-3.12483,55.91312],[-3.12501,55.91329],[-3.12519,55.91334],[-3.12543,55.91323],[-3.12768,55.91459],[-3.12977,55.91564],[-3.13148,55.9167],[-3.13412,55.91794],[-3.13352,55.91827],[-3.13601,55.91935],[-3.1355,55.91948],[-3.13571,55.91965],[-3.1365,55.92002],[-3.1367,55.91991],[-3.13702,55.91989],[-3.13752,55.92003],[-3.13787,55.92005],[-3.1379,55.92011],[-3.13817,55.92025],[-3.13843,55.92012],[-3.13892,55.92053],[-3.13926,55.92038],[-3.14071,55.92077],[-3.14097,55.92064],[-3.1411,55.92049],[-3.14204,55.92068],[-3.14199,55.92075],[-3.14282,55.92121],[-3.14269,55.92128],[-3.14382,55.9215],[-3.14398,55.92171],[-3.14478,55.9222],[-3.14515,55.92233],[-3.14591,55.92249],[-3.14672,55.9231],[-3.14698,55.92315],[-3.14741,55.92332],[-3.14814,55.92284],[-3.15153,55.92501],[-3.15194,55.92594],[-3.15304,55.92674],[-3.15305,55.92679],[-3.15477,55.92784],[-3.15558,55.9282],[-3.15432,55.9291],[-3.15183,55.92945],[-3.15032,55.92981],[-3.14832,55.93052],[-3.14711,55.93107],[-3.14732,55.93116],[-3.14648,55.93179],[-3.14336,55.93461],[-3.14304,55.93486],[-3.14249,55.93518],[-3.14338,55.93628],[-3.14414,55.93635],[-3.14429,55.93642],[-3.14529,55.93588],[-3.14575,55.93616],[-3.14502,55.93654],[-3.14501,55.93661],[-3.15639,55.93843],[-3.15704,55.93851],[-3.16108,55.93647],[-3.16157,55.93671],[-3.16197,55.93684],[-3.16296,55.93704],[-3.16419,55.93704],[-3.16523,55.93685],[-3.16611,55.93652],[-3.16592,55.93637],[-3.1664,55.93617],[-3.16662,55.93633],[-3.16848,55.93555],[-3.16838,55.93547],[-3.16855,55.9354],[-3.16856,55.93518],[-3.16842,55.93508],[-3.16807,55.93522],[-3.16769,55.93495],[-3.16758,55.935],[-3.16695,55.93455],[-3.16705,55.9345],[-3.16671,55.93425],[-3.16719,55.93404],[-3.16681,55.93377],[-3.16625,55.93402],[-3.16528,55.93334],[-3.16319,55.93161],[-3.16324,55.93159],[-3.16292,55.93134],[-3.16258,55.93122],[-3.16273,55.93109],[-3.16315,55.9309],[-3.16309,55.93086],[-3.16248,55.931],[-3.16245,55.93096],[-3.16269,55.93086],[-3.16244,55.93052],[-3.16269,55.93045],[-3.16219,55.92989],[-3.16162,55.92942],[-3.16163,55.92928],[-3.16164,55.92924],[-3.16191,55.92922],[-3.16223,55.92908],[-3.16295,55.92933],[-3.16382,55.92973],[-3.16555,55.93077],[-3.16593,55.93093],[-3.166,55.93055],[-3.16859,55.93094],[-3.16864,55.93049],[-3.16902,55.9305],[-3.169,55.93045],[-3.16967,55.93026],[-3.17017,55.93075],[-3.17097,55.93049],[-3.16756,55.92716],[-3.16684,55.92655],[-3.16712,55.92599],[-3.16719,55.92593],[-3.17221,55.92432],[-3.17266,55.92438],[-3.17976,55.92463],[-3.18066,55.92473],[-3.18075,55.92452],[-3.18629,55.92357],[-3.18632,55.92335],[-3.18645,55.92312],[-3.18647,55.92292],[-3.18685,55.92211],[-3.18769,55.92213],[-3.18769,55.92232],[-3.18966,55.92236],[-3.18956,55.91886],[-3.18634,55.91887],[-3.18521,55.91072],[-3.18414,55.91061],[-3.1845,55.91018],[-3.18482,55.90952],[-3.1848,55.90842],[-3.18409,55.90844],[-3.16864,55.90957],[-3.16862,55.91046],[-3.16387,55.90945],[-3.16381,55.90953],[-3.16345,55.90946],[-3.16344,55.90952],[-3.16259,55.90952],[-3.16251,55.91017],[-3.15783,55.91014],[-3.1573,55.90959],[-3.15666,55.90968],[-3.15836,55.91152],[-3.15548,55.91195],[-3.15588,55.91267],[-3.15493,55.91286],[-3.15405,55.91287],[-3.15328,55.91278],[-3.15238,55.9126],[-3.15037,55.9121],[-3.14886,55.91206],[-3.14873,55.9116],[-3.14875,55.91114],[-3.14864,55.91099],[-3.14836,55.91077],[-3.14838,55.91066],[-3.14857,55.91044],[-3.1485,55.91],[-3.14779,55.90968],[-3.14762,55.90954],[-3.14752,55.90951],[-3.14668,55.90965],[-3.14579,55.90956],[-3.14585,55.90919],[-3.14573,55.90904],[-3.14587,55.90887],[-3.14615,55.90875],[-3.14615,55.90865],[-3.14603,55.90857],[-3.14564,55.90849],[-3.14539,55.90835],[-3.14535,55.90827],[-3.14498,55.90816],[-3.14482,55.90795],[-3.14486,55.90775],[-3.1448,55.90761],[-3.14464,55.90752],[-3.1443,55.9075],[-3.14423,55.90743],[-3.14424,55.90739],[-3.14457,55.90734],[-3.14463,55.90728],[-3.14456,55.90715],[-3.14406,55.90675],[-3.14403,55.90659],[-3.14423,55.90632],[-3.14436,55.90601],[-3.14472,55.90574],[-3.1447,55.90559],[-3.14476,55.9055],[-3.14471,55.90545],[-3.14481,55.90525],[-3.14489,55.90488],[-3.14537,55.90465],[-3.14553,55.9044],[-3.14224,55.90389],[-3.14227,55.90328],[-3.14241,55.90262],[-3.14254,55.90237],[-3.14275,55.90238],[-3.14278,55.90223],[-3.14247,55.90224],[-3.14238,55.90212],[-3.14137,55.90187],[-3.14177,55.90169],[-3.14163,55.90162],[-3.14171,55.90152],[-3.14169,55.90138],[-3.14177,55.90127],[-3.14179,55.90111],[-3.142,55.9008],[-3.142,55.9006],[-3.14206,55.90047],[-3.14236,55.90051],[-3.14285,55.90074],[-3.143,55.90062],[-3.14298,55.90047],[-3.14326,55.90008],[-3.14373,55.89985]]]}},{"type":"Feature","properties":{"school":"Portobello High","sector":"ND","top_rank":7},"geometry":{"type":"Polygon","coordinates":[[[-3.12841,55.93628],[-3.12578,55.93658],[-3.12451,55.93668],[-3.11508,55.93701],[-3.11521,55.93762],[-3.11514,55.93839],[-3.11502,55.93869],[-3.11509,55.93886],[-3.11502,55.93984],[-3.11458,55.93989],[-3.11376,55.94011],[-3.11299,55.94007],[-3.1121,55.94019],[-3.11098,55.94006],[-3.11036,55.9401],[-3.10978,55.94032],[-3.10934,55.94042],[-3.10877,55.94036],[-3.10829,55.94021],[-3.10821,55.94013],[-3.10767,55.94002],[-3.10716,55.93984],[-3.10654,55.93978],[-3.10589,55.94005],[-3.10561,55.94003],[-3.10508,55.94014],[-3.1044,55.94039],[-3.10313,55.9406],[-3.10044,55.94092],[-3.09975,55.94106],[-3.09847,55.94146],[-3.09819,55.9416],[-3.09724,55.94171],[-3.09621,55.94176],[-3.09597,55.94185],[-3.09589,55.94201],[-3.09578,55.94205],[-3.09503,55.94215],[-3.09445,55.94239],[-3.09377,55.94243],[-3.0924,55.94279],[-3.09184,55.94311],[-3.09155,55.94322],[-3.0913,55.9434],[-3.09085,55.94359],[-3.08911,55.94404],[-3.08831,55.94453],[-3.08797,55.94469],[-3.08749,55.94479],[-3.08675,55.94504],[-3.08617,55.94502],[-3.08541,55.94485],[-3.08429,55.94485],[-3.08357,55.94515],[-3.08305,55.94521],[-3.08226,55.94515],[-3.08182,55.94517],[-3.08155,55.94524],[-3.08109,55.94551],[-3.0806,55.94556],[-3.08026,55.94553],[-3.07955,55.94498],[-3.07929,55.94509],[-3.07867,55.94562],[-3.07862,55.94574],[-3.07865,55.94595],[-3.07859,55.94608],[-3.07839,55.94621],[-3.07826,55.94638],[-3.07788,55.94659],[-3.07769,55.94679],[-3.08035,55.94754],[-3.08118,55.94786],[-3.08154,55.94817],[-3.08255,55.94813],[-3.08604,55.94869],[-3.08736,55.94878],[-3.08743,55.94883],[-3.08805,55.94889],[-3.08807,55.94894],[-3.08816,55.94897],[-3.08943,55.94909],[-3.08953,55.94908],[-3.08958,55.94899],[-3.08995,55.949],[-3.08996,55.94892],[-3.0902,55.94893],[-3.09034,55.94886],[-3.09074,55.94885],[-3.09118,55.94892],[-3.09309,55.94893],[-3.09378,55.94898],[-3.09378,55.94911],[-3.09448,55.94912],[-3.09569,55.94953],[-3.09605,55.94958],[-3.09918,55.95085],[-3.0996,55.9509],[-3.10306,55.95234],[-3.10334,55.95239],[-3.10374,55.95252],[-3.10659,55.9538],[-3.10665,55.95374],[-3.10761,55.95412],[-3.11028,55.95527],[-3.11031,55.95524],[-3.11059,55.95531],[-3.11366,55.95681],[-3.11409,55.95649],[-3.11437,55.95661],[-3.1151,55.95673],[-3.11591,55.95679],[-3.1159,55.95683],[-3.11625,55.95689],[-3.11689,55.95749],[-3.1185,55.95849],[-3.11887,55.95825],[-3.11915,55.95822],[-3.11924,55.9583],[-3.12188,55.95807],[-3.12206,55.95814],[-3.12258,55.9581],[-3.1226,55.95816],[-3.12273,55.95814],[-3.12277,55.95826],[-3.12286,55.95829],[-3.12335,55.95823],[-3.12292,55.95779],[-3.12275,55.95745],[-3.12349,55.95751],[-3.12624,55.95729],[-3.13232,55.95653],[-3.13725,55.95615],[-3.14212,55.95536],[-3.14446,55.95511],[-3.14671,55.95513],[-3.14897,55.95504],[-3.1492,55.95498],[-3.14944,55.95498],[-3.15263,55.95515],[-3.15522,55.95548],[-3.15529,55.95534],[-3.15641,55.95513],[-3.15744,55.95479],[-3.15771,55.95462],[-3.15722,55.95441],[-3.15631,55.95431],[-3.1563,55.95387],[-3.1559,55.95388],[-3.15564,55.95384],[-3.15529,55.95368],[-3.15488,55.95337],[-3.15361,55.95297],[-3.15241,55.95221],[-3.15175,55.95192],[-3.15129,55.95154],[-3.1507,55.95123],[-3.15057,55.95105],[-3.15051,55.95051],[-3.15033,55.95011],[-3.15017,55.94953],[-3.15009,55.94839],[-3.15012,55.94812],[-3.15033,55.94769],[-3.15056,55.94751],[-3.15095,55.94733],[-3.15083,55.94328],[-3.15125,55.94298],[-3.15148,55.9426],[-3.15152,55.94244],[-3.15149,55.94137],[-3.15058,55.94137],[-3.15046,55.93748],[-3.14501,55.93661],[-3.14497,55.93665],[-3.14414,55.93651],[-3.14398,55.93663],[-3.14368,55.93674],[-3.14352,55.93651],[-3.1426,55.93655],[-3.1416,55.93667],[-3.14021,55.93662],[-3.13961,55.93657],[-3.13902,55.93644],[-3.13787,55.93645],[-3.13788,55.93625],[-3.12977,55.93623],[-3.12841,55.93628]]]}},{"type":"Feature","properties":{"school":"Queensferry Community High","sector":"ND","top_rank":null},"geometry":{"type":"Polygon","coordinates":[[[-3.42535,55.99386],[-3.42724,55.99381],[-3.42824,55.99372],[-3.42962,55.9935],[-3.43281,55.99331],[-3.43355,55.99329],[-3.43453,55.99335],[-3.43503,55.99346],[-3.43563,55.99369],[-3.43562,55.99373],[-3.43574,55.99383],[-3.43575,55.99397],[-3.43582,55.99397],[-3.43597,55.99425],[-3.43594,55.99433],[-3.43676,55.99445],[-3.43787,55.99445],[-3.43942,55.99459],[-3.44126,55.99493],[-3.44224,55.99521],[-3.44254,55.99534],[-3.44247,55.9956],[-3.44228,55.99579],[-3.44235,55.99622],[-3.44372,55.99631],[-3.44496,55.99535],[-3.4457,55.99546],[-3.4462,55.99558],[-3.44709,55.9959],[-3.44754,55.99621],[-3.44797,55.9962],[-3.44839,55.99612],[-3.44898,55.9961],[-3.45009,55.99621],[-3.45193,55.99664],[-3.45271,55.99693],[-3.45438,55.99687],[-3.45505,55.99705],[-3.45665,55.99687],[-3.45834,55.99691],[-3.45974,55.99726],[-3.4616,55.99734],[-3.463,55.99754],[-3.4643,55.99781],[-3.46528,55.99792],[-3.46597,55.99814],[-3.46611,55.99825],[-3.46647,55.99854],[-3.46701,55.99924],[-3.4671,55.99926],[-3.46832,55.99912],[-3.46876,55.99914],[-3.47002,55.99972],[-3.47205,55.99982],[-3.4725,55.99996],[-3.47266,55.99997],[-3.47565,55.99905],[-3.47756,55.99887],[-3.47772,55.99882],[-3.47781,55.99871],[-3.47944,55.99797],[-3.48008,55.99778],[-3.48081,55.99767],[-3.48445,55.99784],[-3.48517,55.99783],[-3.48608,55.99807],[-3.48798,55.99782],[-3.49001,55.99786],[-3.49235,55.99816],[-3.49458,55.99828],[-3.49495,55.99822],[-3.49853,55.99821],[-3.49988,55.99802],[-3.50219,55.99803],[-3.50328,55.99792],[-3.50358,55.99797],[-3.5045,55.99796],[-3.5064,55.99819],[-3.5085,55.99835],[-3.50919,55.99846],[-3.50985,55.99863],[-3.51045,55.99894],[-3.51105,55.99898],[-3.51292,55.99951],[-3.51318,55.99965],[-3.51395,56.0003],[-3.51435,56.00071],[-3.51464,56.00094],[-3.51562,56.00206],[-3.51571,56.00214],[-3.5159,56.00219],[-3.51602,56.00216],[-3.5161,56.00205],[-3.51647,56.00187],[-3.51641,56.00179],[-3.51628,56.00179],[-3.51629,56.00157],[-3.5164,56.00162],[-3.51666,56.00154],[-3.51698,56.00126],[-3.5171,56.00099],[-3.51766,56.00005],[-3.51658,55.99925],[-3.51363,55.99852],[-3.51151,55.99396],[-3.51751,55.99235],[-3.51839,55.9926],[-3.51993,55.99293],[-3.522,55.99328],[-3.52262,55.99332],[-3.52384,55.99331],[-3.52511,55.99319],[-3.52891,55.99273],[-3.52908,55.99234],[-3.52932,55.99147],[-3.52956,55.99007],[-3.52956,55.9898],[-3.52912,55.98906],[-3.52908,55.98885],[-3.5303,55.98652],[-3.52262,55.98439],[-3.51825,55.98455],[-3.51481,55.9842],[-3.51492,55.98397],[-3.51507,55.98387],[-3.5155,55.98377],[-3.51571,55.98368],[-3.51589,55.98346],[-3.51612,55.98329],[-3.51622,55.98305],[-3.51621,55.9826],[-3.51635,55.98165],[-3.51643,55.98156],[-3.51726,55.98102],[-3.51793,55.98079],[-3.51806,55.9807],[-3.51812,55.98059],[-3.51812,55.98034],[-3.51818,55.98029],[-3.51833,55.98023],[-3.51868,55.98021],[-3.51898,55.98034],[-3.51951,55.98046],[-3.52004,55.98079],[-3.52023,55.98082],[-3.52044,55.98079],[-3.52061,55.98071],[-3.5207,55.98061],[-3.52065,55.98029],[-3.52069,55.98021],[-3.5209,55.98008],[-3.52138,55.97989],[-3.52177,55.97941],[-3.52276,55.97925],[-3.52294,55.97917],[-3.52312,55.97901],[-3.52343,55.97861],[-3.52376,55.97835],[-3.52378,55.97817],[-3.52419,55.97811],[-3.52448,55.978],[-3.52454,55.9778],[-3.52448,55.97772],[-3.52406,55.97754],[-3.52344,55.97701],[-3.52309,55.97659],[-3.52306,55.97638],[-3.52315,55.97627],[-3.52383,55.97594],[-3.52449,55.97608],[-3.52479,55.97605],[-3.52493,55.97599],[-3.52501,55.97591],[-3.52489,55.97541],[-3.52331,55.97537],[-3.51959,55.97492],[-3.51862,55.97499],[-3.51732,55.9752],[-3.51654,55.97518],[-3.51282,55.97462],[-3.50372,55.97371],[-3.50304,55.97368],[-3.49923,55.97382],[-3.49782,55.9738],[-3.49503,55.97344],[-3.49249,55.97338],[-3.49205,55.97333],[-3.49105,55.97315],[-3.49032,55.97289],[-3.48969,55.97333],[-3.48948,55.97351],[-3.48941,55.97365],[-3.48942,55.97381],[-3.48959,55.97428],[-3.48988,55.97446],[-3.48998,55.97464],[-3.49039,55.97673],[-3.4904,55.97695],[-3.49024,55.97759],[-3.48895,55.97865],[-3.48782,55.97848],[-3.48156,55.97728],[-3.47266,55.97519],[-3.46763,55.97376],[-3.46336,55.9724],[-3.45749,55.97029],[-3.45462,55.96916],[-3.45066,55.96745],[-3.44903,55.96667],[-3.44802,55.9661],[-3.4471,55.96551],[-3.44548,55.96422],[-3.4434,55.96235],[-3.44312,55.96247],[-3.44337,55.96149],[-3.44259,55.96128],[-3.44181,55.96115],[-3.43762,55.96104],[-3.4319,55.96025],[-3.42595,55.95933],[-3.42599,55.95732],[-3.42604,55.95693],[-3.42596,55.95603],[-3.42553,55.95495],[-3.42491,55.95375],[-3.42699,55.95357],[-3.429,55.95333],[-3.42906,55.95324],[-3.42904,55.95314],[-3.42859,55.95258],[-3.42839,55.95217],[-3.42845,55.95209],[-3.43045,55.95169],[-3.43468,55.95094],[-3.43735,55.95122],[-3.43967,55.95128],[-3.44342,55.95103],[-3.44607,55.95112],[-3.44814,55.95111],[-3.44953,55.95094],[-3.44811,55.9497],[-3.44654,55.9481],[-3.44527,55.94662],[-3.44382,55.94466],[-3.44262,55.94318],[-3.44107,55.94182],[-3.43919,55.94051],[-3.43754,55.93953],[-3.43569,55.9386],[-3.43316,55.9375],[-3.43191,55.93776],[-3.43182,55.93784],[-3.43098,55.93803],[-3.43049,55.93822],[-3.43035,55.93832],[-3.43002,55.93877],[-3.42974,55.93884],[-3.42905,55.93916],[-3.42812,55.93952],[-3.42771,55.93974],[-3.4274,55.94024],[-3.42698,55.94052],[-3.42669,55.9411],[-3.4266,55.9412],[-3.42482,55.94195],[-3.42338,55.94265],[-3.41954,55.94312],[-3.41825,55.94315],[-3.41651,55.94332],[-3.41434,55.94367],[-3.41391,55.94386],[-3.4142,55.9444],[-3.41425,55.9446],[-3.41423,55.94482],[-3.41417,55.94504],[-3.41397,55.94537],[-3.41356,55.94573],[-3.41273,55.94595],[-3.41213,55.94616],[-3.40981,55.94656],[-3.4085,55.94696],[-3.40734,55.94735],[-3.40646,55.94776],[-3.40595,55.94809],[-3.40559,55.94845],[-3.40539,55.94872],[-3.4049,55.94958],[-3.40447,55.95016],[-3.40409,55.95087],[-3.40353,55.95162],[-3.40337,55.95205],[-3.40336,55.95267],[-3.40331,55.95297],[-3.40325,55.95308],[-3.40313,55.95317],[-3.39862,55.95319],[-3.3978,55.95312],[-3.39736,55.953],[-3.39691,55.95258],[-3.39684,55.9524],[-3.39686,55.95211],[-3.39711,55.9517],[-3.39819,55.95083],[-3.39854,55.95047],[-3.39863,55.95028],[-3.39862,55.9502],[-3.39858,55.9501],[-3.39829,55.94988],[-3.39703,55.94929],[-3.39659,55.94917],[-3.39528,55.94907],[-3.39464,55.9491],[-3.39353,55.94936],[-3.39168,55.95009],[-3.39101,55.95019],[-3.3905,55.95018],[-3.38959,55.95007],[-3.38863,55.94984],[-3.3877,55.94969],[-3.38129,55.94993],[-3.38048,55.94999],[-3.37993,55.9502],[-3.37961,55.95046],[-3.37956,55.95083],[-3.37959,55.95125],[-3.37982,55.95192],[-3.37968,55.95234],[-3.37947,55.95256],[-3.37927,55.95267],[-3.37856,55.95278],[-3.37777,55.95276],[-3.37702,55.95253],[-3.37609,55.95201],[-3.37576,55.95192],[-3.37529,55.95191],[-3.37422,55.95214],[-3.3735,55.95248],[-3.37229,55.9526],[-3.37101,55.95283],[-3.37061,55.95295],[-3.37015,55.9533],[-3.36981,55.95365],[-3.36918,55.95395],[-3.36726,55.95472],[-3.36641,55.95513],[-3.36538,55.95552],[-3.36448,55.95582],[-3.36253,55.95623],[-3.36141,55.95669],[-3.36053,55.95717],[-3.35927,55.95751],[-3.35778,55.95785],[-3.35635,55.95831],[-3.35545,55.95853],[-3.35493,55.95875],[-3.35457,55.95899],[-3.35334,55.9605],[-3.35315,55.96093],[-3.35296,55.96198],[-3.3525,55.96227],[-3.35151,55.96272],[-3.35083,55.96309],[-3.34955,55.96384],[-3.3482,55.96473],[-3.34695,55.96527],[-3.34589,55.96537],[-3.34451,55.96573],[-3.34393,55.96577],[-3.34362,55.96564],[-3.34348,55.96551],[-3.34344,55.9654],[-3.34347,55.96524],[-3.34336,55.965],[-3.34297,55.96465],[-3.343,55.96462],[-3.34278,55.96432],[-3.34217,55.964],[-3.34186,55.964],[-3.34048,55.96414],[-3.33986,55.96411],[-3.33944,55.96403],[-3.33886,55.96373],[-3.33809,55.96278],[-3.33777,55.96251],[-3.33713,55.96222],[-3.33657,55.96209],[-3.33612,55.96204],[-3.33515,55.96201],[-3.33458,55.96207],[-3.33388,55.96228],[-3.33291,55.96285],[-3.3322,55.96297],[-3.332,55.96295],[-3.33185,55.96282],[-3.33142,55.96272],[-3.33087,55.96271],[-3.33005,55.9628],[-3.32969,55.96278],[-3.32915,55.96267],[-3.32891,55.9627],[-3.32667,55.96227],[-3.32621,55.96213],[-3.32566,55.96218],[-3.32491,55.96239],[-3.32475,55.96248],[-3.32446,55.96252],[-3.32388,55.9625],[-3.32076,55.96281],[-3.3197,55.96286],[-3.31933,55.96294],[-3.31853,55.96291],[-3.31805,55.96299],[-3.31758,55.96315],[-3.317,55.9634],[-3.31569,55.96408],[-3.31522,55.96451],[-3.31562,55.96511],[-3.31563,55.96546],[-3.31572,55.96552],[-3.31566,55.96562],[-3.3157,55.96594],[-3.31636,55.96669],[-3.3163,55.96685],[-3.31658,55.96717],[-3.31657,55.96724],[-3.31586,55.96776],[-3.31581,55.96787],[-3.31515,55.96833],[-3.31436,55.96933],[-3.31408,55.96953],[-3.31369,55.96993],[-3.31341,55.97015],[-3.31273,55.97053],[-3.31252,55.9706],[-3.31243,55.97069],[-3.31227,55.97071],[-3.31188,55.97098],[-3.31145,55.97143],[-3.31147,55.97176],[-3.31126,55.97198],[-3.31121,55.97211],[-3.31119,55.97224],[-3.31128,55.97232],[-3.31123,55.9724],[-3.31104,55.97249],[-3.31104,55.97254],[-3.31081,55.9727],[-3.31072,55.97286],[-3.31057,55.973],[-3.31006,55.97336],[-3.30983,55.97346],[-3.30836,55.97377],[-3.30837,55.97384],[-3.3067,55.97411],[-3.30461,55.9747],[-3.3042,55.97488],[-3.30407,55.97511],[-3.30382,55.97525],[-3.30314,55.97548],[-3.3027,55.97556],[-3.3024,55.97578],[-3.30223,55.97598],[-3.3021,55.97643],[-3.3021,55.97673],[-3.30238,55.97747],[-3.30238,55.97763],[-3.30218,55.9779],[-3.30185,55.97821],[-3.30121,55.97971],[-3.30092,55.98033],[-3.30073,55.98062],[-3.30084,55.98079],[-3.30083,55.98091],[-3.30036,55.98159],[-3.29942,55.98254],[-3.29906,55.98303],[-3.29901,55.98316],[-3.29892,55.98324],[-3.29887,55.98337],[-3.29889,55.98346],[-3.29905,55.98365],[-3.30029,55.98439],[-3.30059,55.98484],[-3.30074,55.98552],[-3.30103,55.98631],[-3.30228,55.98543],[-3.30243,55.98526],[-3.30301,55.98486],[-3.30429,55.9848],[-3.30438,55.98465],[-3.30704,55.98242],[-3.30835,55.98294],[-3.30813,55.98334],[-3.30819,55.98339],[-3.30977,55.98353],[-3.31004,55.98316],[-3.31081,55.98316],[-3.31169,55.98328],[-3.31217,55.98329],[-3.31262,55.98324],[-3.31277,55.9831],[-3.3133,55.98325],[-3.315,55.98392],[-3.315,55.98407],[-3.31553,55.98444],[-3.3157,55.98433],[-3.31556,55.98411],[-3.31562,55.98404],[-3.31575,55.98397],[-3.31578,55.98389],[-3.31609,55.98364],[-3.3172,55.98293],[-3.3178,55.98303],[-3.32038,55.98396],[-3.32334,55.98514],[-3.32469,55.98585],[-3.32525,55.98601],[-3.32605,55.98649],[-3.3268,55.98673],[-3.33013,55.98818],[-3.33064,55.98849],[-3.33142,55.98908],[-3.33201,55.98945],[-3.33205,55.98956],[-3.33241,55.98996],[-3.33306,55.99144],[-3.33309,55.99172],[-3.33377,55.99269],[-3.33394,55.99265],[-3.33434,55.99267],[-3.3352,55.99287],[-3.33542,55.99316],[-3.3378,55.99455],[-3.34267,55.99725],[-3.34271,55.99743],[-3.3441,55.99752],[-3.34541,55.99826],[-3.34606,55.99796],[-3.34879,55.99976],[-3.34893,55.99976],[-3.35062,56.00095],[-3.35121,56.00155],[-3.35203,56.00181],[-3.35261,56.00178],[-3.35269,56.00161],[-3.35261,56.00148],[-3.35261,56.00139],[-3.35268,56.00129],[-3.35339,56.00098],[-3.35402,56.00082],[-3.3554,56.00016],[-3.35566,56.00009],[-3.35647,56.00003],[-3.35714,56.00008],[-3.3577,56.00107],[-3.35855,56.00079],[-3.35887,56.00074],[-3.35927,56.00076],[-3.35961,56.00067],[-3.35971,56.00058],[-3.35988,56.00052],[-3.36096,56.0003],[-3.36132,56.0001],[-3.36152,56.00006],[-3.36278,56.00006],[-3.36301,55.99996],[-3.36474,55.99971],[-3.3649,55.99959],[-3.36568,55.99954],[-3.36677,55.99926],[-3.36758,55.99893],[-3.36766,55.99887],[-3.36764,55.99877],[-3.3677,55.9987],[-3.36797,55.99861],[-3.368,55.99851],[-3.36796,55.9984],[-3.36779,55.99819],[-3.36779,55.99798],[-3.36791,55.99777],[-3.36844,55.99714],[-3.36854,55.99684],[-3.36861,55.99678],[-3.36899,55.99661],[-3.36968,55.99647],[-3.37324,55.99647],[-3.37332,55.99549],[-3.37358,55.99528],[-3.37365,55.99516],[-3.37397,55.995],[-3.37415,55.99455],[-3.37428,55.99436],[-3.37449,55.99413],[-3.37494,55.99376],[-3.37536,55.99357],[-3.37567,55.99354],[-3.37792,55.99256],[-3.37834,55.99242],[-3.37886,55.99228],[-3.37972,55.99235],[-3.38039,55.99223],[-3.38083,55.99201],[-3.38158,55.9919],[-3.38172,55.99182],[-3.38211,55.99172],[-3.38232,55.9917],[-3.38286,55.99185],[-3.38297,55.99202],[-3.38328,55.99217],[-3.384,55.99222],[-3.38476,55.99248],[-3.3863,55.9923],[-3.3868,55.99218],[-3.38719,55.99223],[-3.38789,55.99206],[-3.38857,55.99199],[-3.39118,55.99187],[-3.39346,55.9919],[-3.39393,55.99198],[-3.39411,55.99192],[-3.39431,55.99205],[-3.39471,55.9921],[-3.39495,55.99208],[-3.39598,55.99228],[-3.3961,55.99237],[-3.39619,55.99259],[-3.3964,55.99276],[-3.39687,55.99272],[-3.39827,55.99288],[-3.39889,55.99289],[-3.40075,55.99285],[-3.40349,55.99313],[-3.40369,55.9932],[-3.40384,55.99331],[-3.40526,55.99353],[-3.40605,55.99381],[-3.40648,55.99403],[-3.40767,55.99536],[-3.40808,55.99574],[-3.40847,55.99622],[-3.41157,55.99619],[-3.41295,55.9963],[-3.41454,55.99632],[-3.41593,55.99512],[-3.41622,55.99481],[-3.41646,55.99432],[-3.4166,55.99379],[-3.41668,55.99371],[-3.41719,55.99347],[-3.41912,55.99348],[-3.42126,55.99375],[-3.42128,55.99347],[-3.42142,55.99338],[-3.42274,55.99367],[-3.42274,55.99373],[-3.42401,55.99403],[-3.42436,55.99402],[-3.42456,55.99387],[-3.42475,55.99383],[-3.42514,55.99381],[-3.42535,55.99386]]]}},{"type":"Feature","properties":{"school":"The Royal High","sector":"ND","top_rank":9},"geometry":{"type":"Polygon","coordinates":[[[-3.2795,55.9567],[-3.27963,55.95834],[-3.27968,55.95869],[-3.27978,55.95886],[-3.28035,55.95971],[-3.28233,55.96143],[-3.28256,55.96158],[-3.28277,55.96179],[-3.28288,55.96201],[-3.27925,55.96241],[-3.27722,55.96257],[-3.27639,55.96168],[-3.2741,55.95901],[-3.27356,55.95897],[-3.27328,55.95901],[-3.27353,55.95884],[-3.27363,55.95867],[-3.27169,55.95722],[-3.27102,55.95675],[-3.27097,55.95677],[-3.27097,55.95673],[-3.27117,55.95662],[-3.27046,55.95582],[-3.26823,55.95611],[-3.26744,55.9559],[-3.26588,55.95422],[-3.26701,55.95406],[-3.26717,55.95273],[-3.26559,55.95088],[-3.26543,55.95024],[-3.26433,55.94788],[-3.26423,55.94784],[-3.26339,55.94817],[-3.26332,55.94824],[-3.2544,55.9503],[-3.25096,55.9503],[-3.2473,55.95058],[-3.24757,55.95091],[-3.24397,55.95125],[-3.24366,55.95138],[-3.24331,55.95114],[-3.24275,55.9514],[-3.2426,55.95136],[-3.23745,55.95199],[-3.23861,55.95251],[-3.23964,55.95289],[-3.24124,55.95366],[-3.24213,55.95422],[-3.24265,55.95463],[-3.2434,55.95534],[-3.24374,55.95571],[-3.24423,55.95641],[-3.24469,55.95736],[-3.24491,55.95812],[-3.24516,55.95829],[-3.24539,55.95867],[-3.24604,55.95934],[-3.2466,55.95974],[-3.24747,55.96021],[-3.24733,55.9603],[-3.24651,55.96042],[-3.24654,55.96053],[-3.24606,55.96064],[-3.24625,55.9609],[-3.24883,55.96068],[-3.24894,55.96076],[-3.25076,55.96134],[-3.26073,55.96447],[-3.26137,55.96574],[-3.26138,55.96586],[-3.26171,55.96586],[-3.26166,55.96644],[-3.26245,55.96794],[-3.26425,55.96763],[-3.26635,55.97112],[-3.26677,55.97131],[-3.26667,55.9714],[-3.26745,55.97272],[-3.26753,55.97366],[-3.26823,55.97709],[-3.26794,55.9798],[-3.26737,55.9824],[-3.26813,55.98242],[-3.26849,55.98238],[-3.26923,55.98258],[-3.27008,55.98269],[-3.27032,55.98278],[-3.27062,55.98312],[-3.27076,55.98319],[-3.2721,55.98336],[-3.27318,55.98366],[-3.27362,55.98387],[-3.27415,55.98404],[-3.27451,55.98431],[-3.27492,55.98451],[-3.27508,55.98466],[-3.27746,55.98575],[-3.27834,55.9862],[-3.27864,55.98652],[-3.27935,55.98681],[-3.27946,55.98697],[-3.27975,55.98717],[-3.27976,55.9874],[-3.2801,55.98774],[-3.28153,55.98838],[-3.28275,55.98948],[-3.28336,55.98993],[-3.28374,55.99008],[-3.28403,55.99039],[-3.28479,55.9908],[-3.28476,55.99109],[-3.28502,55.99129],[-3.28507,55.99149],[-3.28518,55.99154],[-3.28519,55.99186],[-3.28558,55.99205],[-3.28559,55.99227],[-3.28572,55.99237],[-3.28593,55.99246],[-3.28625,55.99248],[-3.28614,55.99264],[-3.28618,55.99274],[-3.28699,55.99313],[-3.28726,55.99347],[-3.28722,55.99394],[-3.28737,55.99433],[-3.28721,55.99448],[-3.28712,55.99482],[-3.28715,55.9949],[-3.28726,55.99503],[-3.28734,55.99524],[-3.28765,55.99535],[-3.2879,55.99566],[-3.28803,55.9957],[-3.29082,55.99567],[-3.29172,55.99555],[-3.29263,55.99526],[-3.29278,55.9951],[-3.29304,55.99468],[-3.29412,55.99363],[-3.29456,55.99268],[-3.29503,55.99203],[-3.29925,55.98968],[-3.29924,55.98927],[-3.29984,55.98887],[-3.30021,55.9887],[-3.3004,55.98849],[-3.30057,55.98813],[-3.30093,55.98762],[-3.30103,55.98733],[-3.30112,55.98675],[-3.30103,55.98631],[-3.30074,55.98552],[-3.30059,55.98484],[-3.30029,55.98439],[-3.29905,55.98365],[-3.29889,55.98346],[-3.29887,55.98337],[-3.29892,55.98324],[-3.29901,55.98316],[-3.29906,55.98303],[-3.29942,55.98254],[-3.30036,55.98159],[-3.30083,55.98091],[-3.30084,55.98079],[-3.30073,55.98062],[-3.30092,55.98033],[-3.30121,55.97971],[-3.30185,55.97821],[-3.30218,55.9779],[-3.30238,55.97763],[-3.30238,55.97747],[-3.3021,55.97673],[-3.3021,55.97643],[-3.30223,55.97598],[-3.3024,55.97578],[-3.3027,55.97556],[-3.30314,55.97548],[-3.30382,55.97525],[-3.30407,55.97511],[-3.3042,55.97488],[-3.30461,55.9747],[-3.3067,55.97411],[-3.30837,55.97384],[-3.30836,55.97377],[-3.30983,55.97346],[-3.31006,55.97336],[-3.31057,55.973],[-3.31072,55.97286],[-3.31081,55.9727],[-3.31104,55.97254],[-3.31104,55.97249],[-3.31123,55.9724],[-3.31128,55.97232],[-3.31119,55.97224],[-3.31121,55.97211],[-3.31126,55.97198],[-3.31147,55.97176],[-3.31145,55.97143],[-3.31188,55.97098],[-3.31227,55.97071],[-3.31243,55.97069],[-3.31252,55.9706],[-3.31273,55.97053],[-3.31341,55.97015],[-3.31369,55.96993],[-3.31408,55.96953],[-3.31436,55.96933],[-3.31515,55.96833],[-3.31581,55.96787],[-3.31586,55.96776],[-3.31657,55.96724],[-3.31658,55.96717],[-3.3163,55.96685],[-3.31636,55.96669],[-3.3157,55.96594],[-3.31566,55.96562],[-3.31572,55.96552],[-3.31563,55.96546],[-3.31562,55.96511],[-3.31522,55.96451],[-3.31569,55.96408],[-3.317,55.9634],[-3.31805,55.96299],[-3.31853,55.96291],[-3.31933,55.96294],[-3.3197,55.96286],[-3.32076,55.96281],[-3.32388,55.9625],[-3.32446,55.96252],[-3.32475,55.96248],[-3.32491,55.96239],[-3.32566,55.96218],[-3.32595,55.96215],[-3.32586,55.96202],[-3.32592,55.96186],[-3.32497,55.96141],[-3.32445,55.9617],[-3.32363,55.96181],[-3.32111,55.96196],[-3.32071,55.96197],[-3.32025,55.9619],[-3.32013,55.96177],[-3.32009,55.96158],[-3.32005,55.96079],[-3.32,55.9607],[-3.31845,55.95968],[-3.31855,55.95915],[-3.31778,55.95778],[-3.31704,55.95789],[-3.31707,55.95795],[-3.31622,55.95807],[-3.31595,55.95806],[-3.31364,55.95839],[-3.31365,55.95843],[-3.31346,55.95846],[-3.31344,55.95841],[-3.313,55.95845],[-3.31211,55.95858],[-3.31213,55.95864],[-3.3112,55.95878],[-3.31117,55.95873],[-3.31075,55.95878],[-3.31043,55.9587],[-3.31029,55.9587],[-3.30695,55.9591],[-3.30681,55.95907],[-3.31144,55.95259],[-3.30729,55.95329],[-3.30701,55.95326],[-3.3063,55.95338],[-3.30579,55.95341],[-3.3069,55.95419],[-3.30704,55.95435],[-3.30707,55.95446],[-3.3054,55.95463],[-3.30386,55.95487],[-3.30329,55.95487],[-3.3033,55.95491],[-3.303,55.95488],[-3.30298,55.95474],[-3.30281,55.95475],[-3.30281,55.95505],[-3.30274,55.95517],[-3.30277,55.95552],[-3.30287,55.95596],[-3.30307,55.95623],[-3.30231,55.95638],[-3.30171,55.95682],[-3.30068,55.957],[-3.30065,55.95706],[-3.30075,55.95717],[-3.30003,55.95728],[-3.2999,55.95706],[-3.30016,55.95702],[-3.30006,55.95684],[-3.29931,55.95697],[-3.29824,55.95498],[-3.29793,55.95447],[-3.29784,55.95443],[-3.29751,55.95382],[-3.29755,55.95371],[-3.29742,55.95344],[-3.29662,55.95194],[-3.29625,55.95199],[-3.29622,55.95192],[-3.29581,55.95196],[-3.29554,55.95142],[-3.29077,55.95214],[-3.29032,55.95144],[-3.28979,55.95151],[-3.28212,55.95255],[-3.28222,55.9528],[-3.28205,55.95282],[-3.28207,55.95288],[-3.28195,55.95289],[-3.28204,55.95313],[-3.2821,55.95317],[-3.28205,55.95317],[-3.28212,55.95335],[-3.28238,55.95339],[-3.28273,55.9532],[-3.28303,55.95334],[-3.28332,55.95322],[-3.28354,55.95337],[-3.28362,55.95331],[-3.28419,55.95361],[-3.28428,55.95355],[-3.28505,55.9539],[-3.28502,55.95392],[-3.28516,55.95401],[-3.28522,55.954],[-3.28591,55.95468],[-3.2855,55.95476],[-3.28579,55.95504],[-3.28614,55.95573],[-3.2795,55.9567]]]}},{"type":"Feature","properties":{"school":"Trinity Academy","sector":"ND","top_rank":10},"geometry":{"type":"Polygon","coordinates":[[[-3.20271,55.96895],[-3.2006,55.96966],[-3.19919,55.96628],[-3.19871,55.96542],[-3.19823,55.96599],[-3.19666,55.96662],[-3.19581,55.96704],[-3.1958,55.96713],[-3.19601,55.96747],[-3.19655,55.96775],[-3.19648,55.96788],[-3.19498,55.96872],[-3.19498,55.96881],[-3.19507,55.96888],[-3.19127,55.97115],[-3.19077,55.97152],[-3.18929,55.97176],[-3.18824,55.9718],[-3.18651,55.97178],[-3.18525,55.97156],[-3.18413,55.97182],[-3.18328,55.97194],[-3.18222,55.97196],[-3.18131,55.97206],[-3.18038,55.97227],[-3.18014,55.97235],[-3.17982,55.97255],[-3.17964,55.97277],[-3.17961,55.97292],[-3.17972,55.97303],[-3.18053,55.97324],[-3.18087,55.97343],[-3.18121,55.97371],[-3.18121,55.97377],[-3.1811,55.97389],[-3.17963,55.97451],[-3.17663,55.97556],[-3.17613,55.97557],[-3.17534,55.97549],[-3.17423,55.97529],[-3.17315,55.97526],[-3.17214,55.9753],[-3.17122,55.97548],[-3.17086,55.97564],[-3.17056,55.97585],[-3.17033,55.97607],[-3.17004,55.97646],[-3.1697,55.97727],[-3.16967,55.97753],[-3.16974,55.97789],[-3.16993,55.97838],[-3.17059,55.9793],[-3.17237,55.98086],[-3.17401,55.98082],[-3.17462,55.9821],[-3.17546,55.98295],[-3.17556,55.98296],[-3.17707,55.9822],[-3.18044,55.98036],[-3.1851,55.98257],[-3.18676,55.98145],[-3.18756,55.98182],[-3.18632,55.98262],[-3.18642,55.98268],[-3.18276,55.9859],[-3.18265,55.98655],[-3.18525,55.98859],[-3.1843,55.98894],[-3.18405,55.98913],[-3.18409,55.98917],[-3.18407,55.98931],[-3.18428,55.98948],[-3.18455,55.98955],[-3.18485,55.98952],[-3.19473,55.98559],[-3.19586,55.9851],[-3.19627,55.98481],[-3.19655,55.98451],[-3.19678,55.98398],[-3.1968,55.98377],[-3.19676,55.98349],[-3.19642,55.98248],[-3.19644,55.98242],[-3.19651,55.98235],[-3.19659,55.98234],[-3.19659,55.98228],[-3.19735,55.98162],[-3.19768,55.98164],[-3.19859,55.98157],[-3.19949,55.98143],[-3.20019,55.98125],[-3.20234,55.98123],[-3.20353,55.98132],[-3.20567,55.98132],[-3.20878,55.98153],[-3.20947,55.9814],[-3.21091,55.98147],[-3.21139,55.98158],[-3.21204,55.98153],[-3.21252,55.98161],[-3.21289,55.98175],[-3.2138,55.98185],[-3.21494,55.98171],[-3.2152,55.98165],[-3.21548,55.98151],[-3.21611,55.98146],[-3.21711,55.98159],[-3.21738,55.98174],[-3.21785,55.98189],[-3.21757,55.98398],[-3.21804,55.984],[-3.2183,55.98408],[-3.21899,55.98405],[-3.2198,55.98398],[-3.22106,55.98374],[-3.2226,55.98404],[-3.22379,55.98104],[-3.22394,55.98108],[-3.22401,55.98093],[-3.22398,55.98089],[-3.22412,55.98042],[-3.22466,55.98045],[-3.2247,55.98039],[-3.22464,55.98028],[-3.22022,55.97937],[-3.21883,55.97916],[-3.21795,55.97918],[-3.21742,55.97916],[-3.21734,55.97911],[-3.21803,55.97899],[-3.21842,55.97872],[-3.21979,55.97837],[-3.22097,55.97792],[-3.22089,55.97788],[-3.22133,55.97767],[-3.2215,55.97744],[-3.22096,55.97742],[-3.22085,55.97749],[-3.22047,55.9773],[-3.22065,55.97716],[-3.22034,55.97699],[-3.22057,55.97683],[-3.22044,55.97662],[-3.22041,55.97626],[-3.22243,55.97607],[-3.22242,55.97602],[-3.22296,55.97503],[-3.22367,55.97328],[-3.22369,55.9731],[-3.22364,55.97256],[-3.22376,55.97223],[-3.22459,55.97194],[-3.22506,55.97147],[-3.225,55.97135],[-3.22543,55.9713],[-3.22534,55.97101],[-3.2258,55.97076],[-3.22707,55.97069],[-3.2268,55.96987],[-3.2287,55.96968],[-3.22872,55.96946],[-3.22866,55.96924],[-3.21594,55.97054],[-3.21562,55.96946],[-3.21519,55.96889],[-3.21511,55.96869],[-3.215,55.96767],[-3.21486,55.96722],[-3.21446,55.96655],[-3.21396,55.96585],[-3.2104,55.96673],[-3.20951,55.96703],[-3.20953,55.96706],[-3.20605,55.96813],[-3.20587,55.96793],[-3.20271,55.96895]]]}},{"type":"Feature","properties":{"school":"Tynecastle High","sector":"ND","top_rank":null},"geometry":{"type":"Polygon","coordinates":[[[-3.2335,55.92342],[-3.2334,55.92357],[-3.23246,55.92403],[-3.2321,55.92428],[-3.23173,55.92438],[-3.23112,55.92475],[-3.23107,55.92473],[-3.23073,55.92502],[-3.22558,55.92524],[-3.22559,55.92622],[-3.22518,55.92655],[-3.22441,55.92917],[-3.22411,55.92925],[-3.22447,55.92967],[-3.21859,55.9312],[-3.21909,55.93177],[-3.21817,55.93205],[-3.22182,55.93476],[-3.22216,55.93469],[-3.22227,55.93471],[-3.22242,55.93478],[-3.22242,55.93488],[-3.22324,55.93511],[-3.22295,55.93594],[-3.2227,55.93631],[-3.22368,55.93703],[-3.22383,55.93705],[-3.22419,55.93733],[-3.22418,55.9374],[-3.22445,55.9376],[-3.22467,55.93769],[-3.22408,55.93813],[-3.2239,55.93802],[-3.22285,55.93855],[-3.22252,55.93866],[-3.22258,55.93869],[-3.22244,55.93876],[-3.22248,55.93878],[-3.22241,55.93907],[-3.22227,55.93924],[-3.22184,55.93927],[-3.22175,55.93921],[-3.22134,55.93917],[-3.22077,55.93932],[-3.22054,55.93953],[-3.22038,55.93977],[-3.22026,55.93983],[-3.21821,55.94036],[-3.21735,55.94064],[-3.21379,55.94209],[-3.21289,55.94235],[-3.21276,55.94223],[-3.21256,55.94214],[-3.2121,55.9423],[-3.21214,55.94233],[-3.21201,55.94238],[-3.21217,55.94254],[-3.21156,55.9427],[-3.21205,55.94332],[-3.21295,55.94352],[-3.2132,55.94368],[-3.2137,55.94344],[-3.21376,55.94348],[-3.21387,55.94343],[-3.21434,55.94373],[-3.21251,55.9447],[-3.21268,55.94481],[-3.21339,55.94579],[-3.21326,55.94587],[-3.21292,55.94592],[-3.21305,55.94615],[-3.21422,55.94617],[-3.21421,55.947],[-3.21514,55.94706],[-3.21673,55.94633],[-3.21683,55.94615],[-3.21683,55.94606],[-3.21705,55.94574],[-3.21733,55.94577],[-3.21736,55.94572],[-3.21729,55.94567],[-3.2174,55.94558],[-3.21879,55.94528],[-3.22114,55.94485],[-3.22933,55.9431],[-3.22889,55.94252],[-3.22875,55.94224],[-3.22857,55.94176],[-3.22847,55.94122],[-3.23538,55.941],[-3.2369,55.94087],[-3.23839,55.94059],[-3.23852,55.94098],[-3.24535,55.93941],[-3.24559,55.93979],[-3.24595,55.94011],[-3.24634,55.94054],[-3.24698,55.94175],[-3.2475,55.94165],[-3.24779,55.94176],[-3.24825,55.94166],[-3.24848,55.94144],[-3.24962,55.94115],[-3.25003,55.94121],[-3.25049,55.94109],[-3.25064,55.94088],[-3.25075,55.94082],[-3.25112,55.94092],[-3.2512,55.941],[-3.25156,55.94105],[-3.25172,55.9424],[-3.2517,55.94278],[-3.25111,55.94406],[-3.25104,55.94435],[-3.25104,55.94481],[-3.25422,55.94446],[-3.25665,55.94408],[-3.25804,55.94373],[-3.26118,55.94278],[-3.26385,55.9425],[-3.26355,55.94164],[-3.26244,55.94166],[-3.261,55.94141],[-3.2597,55.94094],[-3.25789,55.93975],[-3.25745,55.93906],[-3.25727,55.93849],[-3.25707,55.93749],[-3.25698,55.93731],[-3.25705,55.937],[-3.25724,55.93681],[-3.27232,55.93341],[-3.27464,55.93284],[-3.27438,55.93261],[-3.27181,55.92821],[-3.27151,55.92782],[-3.27119,55.92752],[-3.2706,55.92675],[-3.27029,55.92649],[-3.2699,55.92637],[-3.26942,55.92632],[-3.26937,55.92625],[-3.26963,55.92605],[-3.2695,55.92596],[-3.26895,55.92579],[-3.26875,55.92595],[-3.26865,55.92595],[-3.26805,55.92571],[-3.2681,55.92567],[-3.26802,55.92563],[-3.26831,55.92543],[-3.26745,55.92539],[-3.26536,55.92542],[-3.2649,55.92551],[-3.26248,55.92638],[-3.26232,55.9264],[-3.26207,55.92636],[-3.2614,55.92612],[-3.26086,55.92573],[-3.26013,55.92556],[-3.25955,55.92554],[-3.25901,55.9257],[-3.25847,55.92549],[-3.25661,55.92523],[-3.25579,55.92527],[-3.25367,55.92571],[-3.25266,55.92573],[-3.25239,55.92568],[-3.25168,55.92514],[-3.24984,55.9243],[-3.24928,55.92394],[-3.24323,55.92685],[-3.24279,55.92674],[-3.24102,55.92612],[-3.23969,55.92572],[-3.23836,55.92517],[-3.2383,55.92507],[-3.23929,55.92487],[-3.23974,55.92472],[-3.24001,55.92456],[-3.23916,55.92416],[-3.23886,55.92427],[-3.23883,55.92452],[-3.23849,55.92456],[-3.23827,55.92425],[-3.23806,55.92424],[-3.23812,55.92437],[-3.23815,55.9246],[-3.23794,55.92463],[-3.23724,55.92442],[-3.23732,55.92401],[-3.23677,55.92396],[-3.23691,55.92385],[-3.23669,55.92347],[-3.23595,55.92421],[-3.23485,55.92391],[-3.23442,55.92369],[-3.2335,55.92342]]]}},{"type":"Feature","properties":{"school":"Wester Hailes High","sector":"ND","top_rank":null},"geometry":{"type":"Polygon","coordinates":[[[-3.27691,55.91447],[-3.27761,55.91512],[-3.27811,55.91571],[-3.26756,55.91819],[-3.26779,55.91891],[-3.26837,55.9192],[-3.26775,55.92026],[-3.26757,55.92068],[-3.26757,55.92131],[-3.26808,55.92324],[-3.26777,55.92355],[-3.2678,55.92365],[-3.26847,55.92422],[-3.27058,55.92349],[-3.27277,55.92258],[-3.2751,55.92176],[-3.27596,55.92151],[-3.27834,55.92105],[-3.27992,55.92057],[-3.28118,55.92008],[-3.28182,55.91989],[-3.28245,55.91953],[-3.2827,55.91931],[-3.28367,55.91816],[-3.28454,55.91761],[-3.28468,55.91743],[-3.28476,55.91709],[-3.28495,55.91693],[-3.28613,55.9165],[-3.28683,55.91634],[-3.28784,55.91626],[-3.28796,55.9164],[-3.28818,55.9172],[-3.28882,55.91849],[-3.29056,55.92109],[-3.29126,55.92229],[-3.2915,55.92292],[-3.29277,55.92523],[-3.29367,55.92709],[-3.29265,55.92724],[-3.29233,55.92737],[-3.29224,55.92748],[-3.29223,55.9277],[-3.29229,55.92784],[-3.29298,55.92918],[-3.30749,55.92758],[-3.30757,55.92778],[-3.3083,55.92889],[-3.30921,55.92881],[-3.30951,55.92892],[-3.31179,55.93228],[-3.31234,55.93271],[-3.31265,55.93259],[-3.31408,55.93231],[-3.3134,55.93129],[-3.31778,55.93037],[-3.31809,55.93079],[-3.31888,55.9306],[-3.31799,55.92951],[-3.31671,55.9283],[-3.31593,55.9277],[-3.31099,55.9242],[-3.30514,55.92016],[-3.29954,55.91641],[-3.29816,55.91564],[-3.29646,55.91489],[-3.29495,55.91436],[-3.29353,55.91396],[-3.28944,55.91305],[-3.28625,55.91381],[-3.28585,55.91339],[-3.28544,55.91307],[-3.28515,55.91289],[-3.28428,55.91248],[-3.27836,55.91035],[-3.27848,55.91025],[-3.27892,55.91012],[-3.27903,55.91003],[-3.27893,55.91002],[-3.27896,55.90991],[-3.27891,55.90988],[-3.27892,55.90984],[-3.27668,55.90801],[-3.27298,55.90899],[-3.2728,55.90896],[-3.27252,55.90865],[-3.27186,55.90883],[-3.27172,55.90867],[-3.27135,55.9088],[-3.27055,55.90914],[-3.26996,55.90954],[-3.26877,55.91098],[-3.26876,55.91112],[-3.26893,55.9112],[-3.26968,55.91137],[-3.26969,55.91156],[-3.26976,55.9117],[-3.27093,55.91356],[-3.27111,55.91372],[-3.27131,55.91383],[-3.27185,55.91396],[-3.27221,55.91396],[-3.27426,55.91357],[-3.27531,55.91322],[-3.2757,55.91317],[-3.27631,55.91322],[-3.2763,55.91365],[-3.27642,55.91396],[-3.27691,55.91447]]]}},{"type":"Feature","properties":{"school":"X Castlebrae High","sector":"ND","top_rank":null},"geometry":{"type":"Polygon","coordinates":[[[-3.122,55.92735],[-3.12426,55.92682],[-3.12481,55.92641],[-3.12493,55.92646],[-3.12527,55.92621],[-3.12638,55.92573],[-3.14111,55.92538],[-3.1411,55.92648],[-3.14157,55.92684],[-3.14236,55.9279],[-3.14328,55.92839],[-3.14424,55.92912],[-3.14419,55.92918],[-3.14711,55.93107],[-3.14832,55.93052],[-3.15032,55.92981],[-3.15183,55.92945],[-3.15432,55.9291],[-3.15558,55.9282],[-3.15477,55.92784],[-3.15305,55.92679],[-3.15304,55.92674],[-3.15194,55.92594],[-3.15153,55.92501],[-3.14814,55.92284],[-3.14741,55.92332],[-3.14664,55.92306],[-3.14619,55.92268],[-3.14585,55.92246],[-3.14515,55.92233],[-3.14478,55.9222],[-3.14398,55.92171],[-3.14382,55.9215],[-3.14269,55.92128],[-3.13791,55.92425],[-3.13589,55.92539],[-3.13372,55.92393],[-3.13181,55.92493],[-3.12932,55.92339],[-3.12836,55.92291],[-3.12805,55.92307],[-3.12168,55.9195],[-3.12216,55.91895],[-3.12183,55.91897],[-3.12125,55.91915],[-3.12094,55.91902],[-3.12047,55.91892],[-3.11865,55.91872],[-3.11732,55.91846],[-3.11653,55.91838],[-3.11542,55.91838],[-3.11518,55.91898],[-3.11504,55.91912],[-3.11479,55.91925],[-3.11467,55.91941],[-3.11438,55.92048],[-3.1141,55.92099],[-3.1137,55.922],[-3.11362,55.92226],[-3.11362,55.92271],[-3.11324,55.92524],[-3.11299,55.9264],[-3.11292,55.92657],[-3.1155,55.92639],[-3.11553,55.92644],[-3.12047,55.92651],[-3.12059,55.92646],[-3.12071,55.9265],[-3.122,55.92735]]]}},{"type":"Feature","properties":{"school":"X Liberton High","sector":"ND","top_rank":null},"geometry":{"type":"Polygon","coordinates":[[[-3.11542,55.91838],[-3.11653,55.91838],[-3.11732,55.91846],[-3.11865,55.91872],[-3.12047,55.91892],[-3.12094,55.91902],[-3.12125,55.91915],[-3.12183,55.91897],[-3.12216,55.91895],[-3.12168,55.9195],[-3.12805,55.92307],[-3.12836,55.92291],[-3.12932,55.92339],[-3.13181,55.92493],[-3.13372,55.92393],[-3.13589,55.92539],[-3.13791,55.92425],[-3.14282,55.92121],[-3.14199,55.92075],[-3.14204,55.92068],[-3.1411,55.92049],[-3.14097,55.92064],[-3.14071,55.92077],[-3.13926,55.92038],[-3.13892,55.92053],[-3.13843,55.92012],[-3.13817,55.92025],[-3.1379,55.92011],[-3.13787,55.92005],[-3.13752,55.92003],[-3.13702,55.91989],[-3.1367,55.91991],[-3.1365,55.92002],[-3.13571,55.91965],[-3.1355,55.91948],[-3.13601,55.91935],[-3.13352,55.91827],[-3.13412,55.91794],[-3.13148,55.9167],[-3.12977,55.91564],[-3.12768,55.91459],[-3.12543,55.91323],[-3.12519,55.91334],[-3.12504,55.9133],[-3.12485,55.91313],[-3.12466,55.91311],[-3.12464,55.91289],[-3.12445,55.91287],[-3.12316,55.9128],[-3.12183,55.91282],[-3.12034,55.91306],[-3.11767,55.91334],[-3.11768,55.91345],[-3.11724,55.9138],[-3.11656,55.91544],[-3.11584,55.91739],[-3.11589,55.91743],[-3.11567,55.91794],[-3.11559,55.91793],[-3.11542,55.91838]]]}},{"type":"Feature","properties":{"school":"Holy Rood RC High","sector":"RC","top_rank":null},"geometry":{"type":"Polygon","coordinates":[[[-3.16208,55.92905],[-3.16289,55.92861],[-3.16574,55.92726],[-3.16635,55.92673],[-3.16659,55.92634],[-3.16678,55.92576],[-3.16686,55.92516],[-3.16695,55.92424],[-3.16752,55.92015],[-3.16748,55.91966],[-3.16801,55.91957],[-3.16795,55.91925],[-3.17578,55.91627],[-3.17906,55.91407],[-3.18708,55.91065],[-3.18924,55.90679],[-3.18892,55.89917],[-3.17749,55.89278],[-3.1781,55.89073],[-3.17518,55.88985],[-3.17463,55.88973],[-3.17206,55.88962],[-3.17696,55.88628],[-3.17231,55.88426],[-3.17111,55.88387],[-3.16861,55.88324],[-3.16757,55.88304],[-3.16789,55.88265],[-3.16394,55.88082],[-3.16347,55.88068],[-3.15931,55.88109],[-3.15918,55.88403],[-3.15775,55.88456],[-3.15706,55.88476],[-3.15583,55.88558],[-3.15573,55.88572],[-3.15546,55.88589],[-3.15328,55.88619],[-3.15264,55.88642],[-3.15247,55.88644],[-3.15187,55.88627],[-3.15153,55.88629],[-3.15118,55.88607],[-3.14939,55.88699],[-3.14588,55.88896],[-3.14565,55.88901],[-3.14429,55.88973],[-3.14088,55.89018],[-3.1383,55.89073],[-3.13684,55.89119],[-3.13591,55.89118],[-3.13466,55.89136],[-3.13358,55.89161],[-3.13332,55.89177],[-3.13245,55.89205],[-3.13139,55.89146],[-3.13002,55.89373],[-3.12959,55.89434],[-3.12792,55.89375],[-3.12589,55.89445],[-3.12305,55.8958],[-3.1204,55.89696],[-3.11943,55.89676],[-3.11794,55.89661],[-3.11287,55.89627],[-3.11065,55.89598],[-3.10945,55.89597],[-3.10892,55.89617],[-3.10877,55.8965],[-3.10889,55.89683],[-3.10816,55.89754],[-3.10788,55.89789],[-3.10704,55.8984],[-3.10143,55.89868],[-3.09294,55.89896],[-3.09216,55.89954],[-3.09392,55.90049],[-3.09477,55.90128],[-3.09832,55.90176],[-3.1036,55.90455],[-3.10559,55.90636],[-3.10557,55.90663],[-3.10468,55.90704],[-3.10552,55.90765],[-3.10615,55.90821],[-3.11092,55.91103],[-3.11279,55.91222],[-3.11441,55.91298],[-3.11732,55.9132],[-3.11751,55.91345],[-3.1174,55.9135],[-3.1172,55.91375],[-3.11701,55.91415],[-3.116,55.91689],[-3.11551,55.91806],[-3.11516,55.91882],[-3.11393,55.92118],[-3.11356,55.92219],[-3.11357,55.92251],[-3.1132,55.92503],[-3.11295,55.92634],[-3.1121,55.92829],[-3.11168,55.92969],[-3.10526,55.93004],[-3.1028,55.93058],[-3.10159,55.93073],[-3.10013,55.93113],[-3.09893,55.93135],[-3.09741,55.93136],[-3.09709,55.93145],[-3.0941,55.93166],[-3.0931,55.93184],[-3.09243,55.93212],[-3.08968,55.93167],[-3.08876,55.93193],[-3.08257,55.9334],[-3.07673,55.93504],[-3.07952,55.9362],[-3.08093,55.93686],[-3.08293,55.93787],[-3.08412,55.93862],[-3.08387,55.93869],[-3.08215,55.93964],[-3.08148,55.94146],[-3.08177,55.94206],[-3.08221,55.94256],[-3.08192,55.94382],[-3.08239,55.94474],[-3.08176,55.94477],[-3.08031,55.94473],[-3.0793,55.94508],[-3.07867,55.94562],[-3.07862,55.94574],[-3.07865,55.94595],[-3.07859,55.94608],[-3.07839,55.94621],[-3.07825,55.94638],[-3.07789,55.94658],[-3.07769,55.94679],[-3.08035,55.94754],[-3.08118,55.94786],[-3.08154,55.94817],[-3.08255,55.94813],[-3.08604,55.94869],[-3.08736,55.94878],[-3.08743,55.94883],[-3.08805,55.94889],[-3.08807,55.94894],[-3.08816,55.94897],[-3.08943,55.94909],[-3.08953,55.94908],[-3.08958,55.94899],[-3.08995,55.949],[-3.08996,55.94892],[-3.0902,55.94893],[-3.09034,55.94886],[-3.09074,55.94885],[-3.09118,55.94892],[-3.09309,55.94893],[-3.09378,55.94898],[-3.09378,55.94911],[-3.09448,55.94912],[-3.09569,55.94953],[-3.09605,55.94958],[-3.09918,55.95085],[-3.0996,55.9509],[-3.10306,55.95234],[-3.10334,55.95239],[-3.10374,55.95252],[-3.10659,55.9538],[-3.10665,55.95374],[-3.10761,55.95412],[-3.11028,55.95527],[-3.11031,55.95524],[-3.11059,55.95531],[-3.11366,55.95681],[-3.11409,55.95649],[-3.11437,55.95661],[-3.1151,55.95673],[-3.11591,55.95679],[-3.1159,55.95683],[-3.11625,55.95689],[-3.11689,55.95749],[-3.11923,55.95894],[-3.12223,55.96049],[-3.12243,55.9606],[-3.12277,55.9609],[-3.12463,55.96186],[-3.12888,55.96439],[-3.12961,55.96504],[-3.13042,55.96552],[-3.13084,55.96573],[-3.13213,55.96619],[-3.13358,55.96719],[-3.13488,55.96779],[-3.13577,55.96814],[-3.13712,55.96841],[-3.13707,55.96845],[-3.13758,55.96856],[-3.13661,55.9692],[-3.13648,55.96945],[-3.13647,55.96965],[-3.13655,55.96987],[-3.13676,55.97005],[-3.14077,55.97256],[-3.14142,55.97288],[-3.14789,55.97519],[-3.14813,55.97523],[-3.14842,55.97536],[-3.14863,55.97536],[-3.15038,55.97596],[-3.15147,55.97626],[-3.15408,55.97722],[-3.15497,55.9764],[-3.16119,55.97862],[-3.16167,55.97817],[-3.16302,55.97865],[-3.16329,55.97839],[-3.16719,55.9797],[-3.17128,55.98064],[-3.17237,55.98086],[-3.17401,55.98082],[-3.17462,55.9821],[-3.17546,55.98295],[-3.17556,55.98296],[-3.17887,55.98124],[-3.17928,55.98096],[-3.18047,55.98037],[-3.18041,55.98023],[-3.18033,55.98019],[-3.1805,55.97996],[-3.17916,55.97937],[-3.1797,55.97913],[-3.17989,55.97899],[-3.1803,55.97824],[-3.18,55.97772],[-3.1793,55.97604],[-3.17906,55.97544],[-3.17911,55.97528],[-3.17927,55.9751],[-3.17962,55.97448],[-3.18103,55.97395],[-3.18118,55.97375],[-3.18096,55.97348],[-3.18051,55.97324],[-3.18025,55.97315],[-3.1798,55.97308],[-3.17965,55.97297],[-3.17968,55.97274],[-3.17987,55.97248],[-3.18025,55.97231],[-3.18085,55.97214],[-3.18153,55.97203],[-3.1832,55.97195],[-3.1843,55.97178],[-3.18536,55.97155],[-3.18608,55.97172],[-3.18663,55.97178],[-3.18673,55.97183],[-3.18688,55.97204],[-3.1874,55.97221],[-3.18753,55.97219],[-3.1875,55.97158],[-3.187,55.97047],[-3.18782,55.97096],[-3.18791,55.97096],[-3.18809,55.97082],[-3.1892,55.9703],[-3.18806,55.9696],[-3.18707,55.97011],[-3.18724,55.97022],[-3.18725,55.97031],[-3.18706,55.97037],[-3.18621,55.96996],[-3.18458,55.96893],[-3.18276,55.9676],[-3.17841,55.96389],[-3.17811,55.9637],[-3.17793,55.96364],[-3.17702,55.96449],[-3.17643,55.96516],[-3.17624,55.96511],[-3.17614,55.96491],[-3.17598,55.96474],[-3.1761,55.96456],[-3.17654,55.96415],[-3.17726,55.96396],[-3.17748,55.96377],[-3.1773,55.9635],[-3.17776,55.96292],[-3.17749,55.96267],[-3.1772,55.96265],[-3.17679,55.96279],[-3.17612,55.96291],[-3.17499,55.96287],[-3.17496,55.96279],[-3.1747,55.96278],[-3.17471,55.9627],[-3.17375,55.96273],[-3.17358,55.96278],[-3.17298,55.96276],[-3.17268,55.96255],[-3.17239,55.96254],[-3.17195,55.96275],[-3.17144,55.96273],[-3.17136,55.96307],[-3.17095,55.96325],[-3.17072,55.96342],[-3.16983,55.96336],[-3.16999,55.9627],[-3.1704,55.96269],[-3.17077,55.96251],[-3.17081,55.96233],[-3.1705,55.96213],[-3.17055,55.96199],[-3.17052,55.96199],[-3.17063,55.96187],[-3.17092,55.96175],[-3.17101,55.96136],[-3.1696,55.96097],[-3.16884,55.96064],[-3.16815,55.9602],[-3.16747,55.95949],[-3.16726,55.95915],[-3.16711,55.95873],[-3.16708,55.95816],[-3.16734,55.95744],[-3.16769,55.95751],[-3.16773,55.95746],[-3.16805,55.95753],[-3.16816,55.95732],[-3.16715,55.95722],[-3.16715,55.95707],[-3.16748,55.95705],[-3.16778,55.9567],[-3.16821,55.95634],[-3.16914,55.95578],[-3.17012,55.95542],[-3.17181,55.95504],[-3.17307,55.95462],[-3.17289,55.95433],[-3.17256,55.95439],[-3.17234,55.95405],[-3.17155,55.95418],[-3.17138,55.95402],[-3.17105,55.95403],[-3.17083,55.95381],[-3.16954,55.95152],[-3.16931,55.95104],[-3.17071,55.95079],[-3.17228,55.9504],[-3.17326,55.9501],[-3.17504,55.94943],[-3.17592,55.94889],[-3.17644,55.94839],[-3.17683,55.94795],[-3.17719,55.9471],[-3.17735,55.94648],[-3.17732,55.94582],[-3.17714,55.94531],[-3.17685,55.94478],[-3.17625,55.94389],[-3.17589,55.94345],[-3.17545,55.94311],[-3.17456,55.94289],[-3.17276,55.94289],[-3.1706,55.94271],[-3.17046,55.94253],[-3.1703,55.94243],[-3.17036,55.94196],[-3.17019,55.9417],[-3.17018,55.94156],[-3.16859,55.94086],[-3.16785,55.94036],[-3.16759,55.94023],[-3.16683,55.94005],[-3.16501,55.93989],[-3.16452,55.93964],[-3.16301,55.93937],[-3.16045,55.93876],[-3.15942,55.9386],[-3.15684,55.93851],[-3.14772,55.93705],[-3.15046,55.93416],[-3.15193,55.93254],[-3.15294,55.93272],[-3.15326,55.93271],[-3.15382,55.9326],[-3.15752,55.9309],[-3.15947,55.92987],[-3.16077,55.9293],[-3.16103,55.9292],[-3.16208,55.92905]]]}},{"type":"Feature","properties":{"school":"St Augustine's RC High","sector":"RC","top_rank":null},"geometry":{"type":"Polygon","coordinates":[[[-3.23389,55.98371],[-3.23463,55.98386],[-3.23679,55.98399],[-3.23704,55.98407],[-3.23736,55.98402],[-3.23783,55.98414],[-3.23794,55.98425],[-3.23844,55.98423],[-3.23919,55.98365],[-3.23949,55.98355],[-3.24004,55.98369],[-3.24003,55.98378],[-3.24017,55.98417],[-3.24045,55.98417],[-3.24041,55.98386],[-3.2406,55.98376],[-3.24083,55.98376],[-3.24165,55.98414],[-3.24192,55.98404],[-3.24207,55.98389],[-3.24232,55.98382],[-3.2428,55.98375],[-3.24368,55.98375],[-3.24467,55.9839],[-3.24603,55.98398],[-3.24632,55.98418],[-3.24628,55.98431],[-3.24634,55.98436],[-3.24667,55.98428],[-3.24663,55.98412],[-3.24689,55.98399],[-3.24746,55.98405],[-3.24781,55.98417],[-3.24896,55.9842],[-3.24937,55.98438],[-3.24954,55.98462],[-3.2504,55.98444],[-3.25025,55.98422],[-3.25031,55.98418],[-3.2503,55.98412],[-3.25046,55.98406],[-3.25142,55.98381],[-3.25166,55.9838],[-3.25216,55.98357],[-3.25253,55.98346],[-3.25285,55.98326],[-3.2528,55.98289],[-3.25327,55.98303],[-3.25335,55.98301],[-3.25378,55.98278],[-3.25465,55.98254],[-3.25481,55.98244],[-3.25469,55.98233],[-3.25737,55.98151],[-3.2624,55.98144],[-3.263,55.98127],[-3.26322,55.98097],[-3.26338,55.98083],[-3.26387,55.98077],[-3.26481,55.98091],[-3.26494,55.98126],[-3.26518,55.98143],[-3.26527,55.98157],[-3.26553,55.98181],[-3.26573,55.98194],[-3.2664,55.98222],[-3.26737,55.9824],[-3.26813,55.98242],[-3.26849,55.98238],[-3.26923,55.98258],[-3.27008,55.98269],[-3.27032,55.98278],[-3.27062,55.98312],[-3.27076,55.98319],[-3.2721,55.98336],[-3.27318,55.98366],[-3.27362,55.98387],[-3.27415,55.98404],[-3.27451,55.98431],[-3.27492,55.98451],[-3.27508,55.98466],[-3.27526,55.98474],[-3.28737,55.98304],[-3.29889,55.98353],[-3.30275,55.98504],[-3.30301,55.98486],[-3.30429,55.9848],[-3.30438,55.98465],[-3.30704,55.98242],[-3.30835,55.98294],[-3.30813,55.98334],[-3.30819,55.98339],[-3.30977,55.98353],[-3.31004,55.98316],[-3.31081,55.98316],[-3.31169,55.98328],[-3.31217,55.98329],[-3.31262,55.98324],[-3.31277,55.9831],[-3.3133,55.98325],[-3.315,55.98392],[-3.315,55.98407],[-3.31553,55.98444],[-3.3157,55.98433],[-3.31556,55.98411],[-3.31609,55.98364],[-3.3172,55.98293],[-3.31743,55.98294],[-3.31799,55.98309],[-3.32038,55.98396],[-3.32334,55.98514],[-3.32469,55.98585],[-3.32525,55.98601],[-3.32605,55.98649],[-3.3268,55.98673],[-3.33013,55.98818],[-3.33064,55.98849],[-3.33142,55.98908],[-3.33201,55.98945],[-3.33205,55.98956],[-3.33241,55.98996],[-3.33306,55.99144],[-3.33309,55.99172],[-3.33377,55.99269],[-3.33394,55.99265],[-3.33434,55.99267],[-3.3352,55.99287],[-3.33542,55.99316],[-3.3378,55.99455],[-3.34267,55.99725],[-3.34271,55.99743],[-3.3441,55.99752],[-3.34541,55.99826],[-3.34606,55.99796],[-3.34879,55.99976],[-3.34893,55.99976],[-3.35062,56.00095],[-3.35121,56.00155],[-3.35203,56.00181],[-3.35261,56.00178],[-3.35269,56.00161],[-3.35261,56.00148],[-3.35261,56.00139],[-3.35268,56.00129],[-3.35339,56.00098],[-3.35402,56.00082],[-3.3554,56.00016],[-3.35566,56.00009],[-3.35647,56.00003],[-3.35714,56.00008],[-3.3577,56.00107],[-3.35855,56.00079],[-3.35887,56.00074],[-3.35927,56.00076],[-3.35961,56.00067],[-3.35971,56.00058],[-3.35988,56.00052],[-3.36096,56.0003],[-3.36132,56.0001],[-3.36152,56.00006],[-3.36278,56.00006],[-3.36301,55.99996],[-3.36474,55.99971],[-3.3649,55.99959],[-3.36568,55.99954],[-3.36677,55.99926],[-3.36758,55.99893],[-3.36766,55.99887],[-3.36764,55.99877],[-3.3677,55.9987],[-3.36797,55.99861],[-3.368,55.99851],[-3.36796,55.9984],[-3.36779,55.99819],[-3.36779,55.99798],[-3.36791,55.99777],[-3.36844,55.99714],[-3.36854,55.99684],[-3.36861,55.99678],[-3.36899,55.99661],[-3.36968,55.99647],[-3.37324,55.99647],[-3.37332,55.99549],[-3.37358,55.99528],[-3.37365,55.99516],[-3.37397,55.995],[-3.37415,55.99455],[-3.37428,55.99436],[-3.37449,55.99413],[-3.37494,55.99376],[-3.37536,55.99357],[-3.37567,55.99354],[-3.37792,55.99256],[-3.37834,55.99242],[-3.37886,55.99228],[-3.37972,55.99235],[-3.38039,55.99223],[-3.38083,55.99201],[-3.38158,55.9919],[-3.38172,55.99182],[-3.38211,55.99172],[-3.38232,55.9917],[-3.38286,55.99185],[-3.38297,55.99202],[-3.38328,55.99217],[-3.384,55.99222],[-3.38476,55.99248],[-3.3863,55.9923],[-3.3868,55.99218],[-3.38719,55.99223],[-3.38789,55.99206],[-3.38857,55.99199],[-3.39118,55.99187],[-3.39346,55.9919],[-3.39393,55.99198],[-3.39411,55.99192],[-3.39431,55.99205],[-3.39471,55.9921],[-3.39495,55.99208],[-3.39598,55.99228],[-3.3961,55.99237],[-3.39619,55.99259],[-3.3964,55.99276],[-3.39687,55.99272],[-3.39827,55.99288],[-3.39889,55.99289],[-3.40075,55.99285],[-3.40349,55.99313],[-3.40369,55.9932],[-3.40384,55.99331],[-3.40526,55.99353],[-3.40605,55.99381],[-3.40648,55.99403],[-3.40767,55.99536],[-3.40808,55.99574],[-3.40847,55.99622],[-3.41157,55.99619],[-3.41295,55.9963],[-3.41454,55.99632],[-3.41593,55.99512],[-3.41622,55.99481],[-3.41646,55.99432],[-3.4166,55.99379],[-3.41668,55.99371],[-3.41719,55.99347],[-3.41912,55.99348],[-3.42126,55.99375],[-3.42128,55.99347],[-3.42142,55.99338],[-3.42274,55.99367],[-3.42274,55.99373],[-3.42401,55.99403],[-3.42436,55.99402],[-3.42456,55.99387],[-3.42475,55.99383],[-3.42514,55.99381],[-3.42535,55.99386],[-3.42532,55.99289],[-3.42547,55.99279],[-3.42552,55.9925],[-3.42564,55.9923],[-3.42531,55.99218],[-3.42523,55.99204],[-3.42526,55.99194],[-3.42554,55.99175],[-3.42563,55.99157],[-3.42546,55.99137],[-3.42543,55.99122],[-3.42563,55.99103],[-3.42601,55.99087],[-3.4263,55.99067],[-3.42661,55.99032],[-3.42671,55.98993],[-3.42756,55.98963],[-3.42821,55.98958],[-3.42816,55.98954],[-3.42914,55.9895],[-3.43053,55.98966],[-3.43093,55.98943],[-3.43195,55.98922],[-3.43173,55.98828],[-3.43129,55.98775],[-3.4306,55.98725],[-3.42988,55.98491],[-3.43021,55.98344],[-3.4297,55.98181],[-3.43013,55.98164],[-3.43168,55.98163],[-3.43236,55.98144],[-3.43332,55.98108],[-3.43534,55.98044],[-3.43683,55.97939],[-3.43707,55.97929],[-3.43686,55.97903],[-3.44193,55.9778],[-3.44671,55.97783],[-3.44795,55.97776],[-3.44827,55.97758],[-3.44642,55.97471],[-3.44605,55.9736],[-3.44611,55.9735],[-3.44576,55.97312],[-3.4456,55.97305],[-3.44418,55.97305],[-3.44408,55.97299],[-3.44486,55.96988],[-3.44476,55.96989],[-3.44264,55.96935],[-3.4421,55.96914],[-3.44221,55.96908],[-3.44256,55.96834],[-3.44229,55.9679],[-3.44197,55.9676],[-3.44194,55.96749],[-3.44337,55.96149],[-3.44259,55.96128],[-3.44181,55.96115],[-3.43762,55.96104],[-3.4319,55.96025],[-3.42595,55.95933],[-3.42599,55.95732],[-3.42604,55.95693],[-3.42596,55.95603],[-3.42553,55.95495],[-3.42491,55.95376],[-3.42698,55.95357],[-3.42899,55.95333],[-3.42906,55.95324],[-3.42904,55.95313],[-3.42859,55.95258],[-3.42839,55.95217],[-3.42845,55.95209],[-3.43045,55.95169],[-3.43468,55.95094],[-3.43735,55.95122],[-3.43967,55.95128],[-3.44342,55.95103],[-3.44607,55.95112],[-3.44814,55.95111],[-3.44953,55.95094],[-3.44854,55.9501],[-3.44763,55.94923],[-3.44605,55.94753],[-3.44527,55.94662],[-3.44382,55.94466],[-3.44262,55.94318],[-3.44107,55.94182],[-3.4403,55.94126],[-3.43919,55.94051],[-3.43754,55.93952],[-3.4357,55.9386],[-3.4329,55.93739],[-3.43009,55.93639],[-3.42825,55.93582],[-3.42671,55.93541],[-3.42419,55.93483],[-3.42103,55.93425],[-3.41808,55.93387],[-3.41811,55.93362],[-3.41833,55.93342],[-3.42002,55.93243],[-3.42067,55.93186],[-3.42096,55.9317],[-3.4213,55.93163],[-3.42178,55.93159],[-3.42218,55.93161],[-3.42318,55.93186],[-3.42405,55.93224],[-3.42538,55.93245],[-3.4276,55.93237],[-3.428,55.93242],[-3.42932,55.93236],[-3.43018,55.93219],[-3.43112,55.93183],[-3.43119,55.93174],[-3.43119,55.93162],[-3.43102,55.93136],[-3.42935,55.93057],[-3.42911,55.93038],[-3.42889,55.93007],[-3.42887,55.92989],[-3.42908,55.92879],[-3.42905,55.92842],[-3.42895,55.92821],[-3.42896,55.92805],[-3.4287,55.92735],[-3.42832,55.92669],[-3.42792,55.92638],[-3.4278,55.92622],[-3.42778,55.92605],[-3.42788,55.92574],[-3.42823,55.92532],[-3.42907,55.92485],[-3.4297,55.92442],[-3.43002,55.92418],[-3.43068,55.92348],[-3.431,55.9233],[-3.43127,55.92277],[-3.43146,55.9225],[-3.43172,55.92226],[-3.43227,55.92196],[-3.43328,55.92158],[-3.43362,55.92128],[-3.43374,55.92081],[-3.43413,55.92006],[-3.43416,55.91983],[-3.43401,55.91923],[-3.43374,55.9177],[-3.43353,55.91715],[-3.43352,55.91695],[-3.43397,55.91663],[-3.43568,55.91606],[-3.43595,55.91587],[-3.43686,55.91455],[-3.43676,55.91354],[-3.43681,55.91333],[-3.43692,55.91318],[-3.43726,55.91296],[-3.43775,55.9128],[-3.43936,55.91293],[-3.43998,55.91288],[-3.44077,55.91272],[-3.44176,55.91267],[-3.44195,55.91271],[-3.44224,55.91285],[-3.44164,55.90997],[-3.4442,55.90774],[-3.4426,55.90642],[-3.44312,55.90563],[-3.44215,55.90472],[-3.4419,55.9047],[-3.44048,55.90518],[-3.44027,55.90508],[-3.44001,55.90507],[-3.43656,55.90544],[-3.43589,55.90552],[-3.43583,55.90565],[-3.43511,55.90578],[-3.43461,55.90579],[-3.43393,55.90572],[-3.43354,55.9056],[-3.43328,55.90544],[-3.43281,55.90492],[-3.43224,55.90464],[-3.43201,55.90438],[-3.43116,55.90436],[-3.43082,55.90418],[-3.43007,55.90395],[-3.4286,55.90368],[-3.42738,55.90338],[-3.42604,55.9033],[-3.42335,55.90228],[-3.42237,55.90198],[-3.42144,55.90179],[-3.41891,55.90188],[-3.41735,55.90221],[-3.41444,55.90235],[-3.4131,55.9025],[-3.41296,55.90253],[-3.41276,55.90269],[-3.4073,55.90304],[-3.40642,55.90293],[-3.40544,55.90273],[-3.40439,55.90266],[-3.40257,55.9027],[-3.39784,55.90332],[-3.39682,55.9032],[-3.39593,55.90304],[-3.39499,55.90312],[-3.39321,55.90285],[-3.38996,55.90267],[-3.38877,55.90273],[-3.38813,55.90289],[-3.38771,55.90285],[-3.38864,55.90234],[-3.38963,55.90187],[-3.39043,55.90126],[-3.39086,55.9011],[-3.39096,55.90101],[-3.39106,55.90082],[-3.39109,55.90063],[-3.39099,55.90041],[-3.39088,55.90035],[-3.39062,55.90035],[-3.39059,55.90027],[-3.39062,55.90017],[-3.39048,55.90005],[-3.39063,55.89974],[-3.39069,55.89974],[-3.39073,55.89986],[-3.39091,55.89986],[-3.39105,55.89979],[-3.39093,55.89965],[-3.39101,55.8993],[-3.39095,55.89917],[-3.3905,55.89894],[-3.39021,55.89898],[-3.38968,55.89894],[-3.38927,55.89886],[-3.38914,55.89888],[-3.38891,55.89903],[-3.38841,55.89897],[-3.3881,55.89899],[-3.38776,55.89863],[-3.3873,55.89832],[-3.38724,55.89816],[-3.3868,55.89779],[-3.38691,55.89743],[-3.38676,55.89712],[-3.38664,55.89706],[-3.38663,55.89698],[-3.38685,55.8968],[-3.38695,55.89663],[-3.38725,55.89647],[-3.38722,55.89639],[-3.38704,55.89629],[-3.38695,55.89618],[-3.38715,55.89597],[-3.38732,55.89566],[-3.38755,55.89546],[-3.38786,55.89532],[-3.38838,55.89518],[-3.3887,55.89502],[-3.38875,55.89488],[-3.38901,55.89451],[-3.389,55.89432],[-3.38887,55.89404],[-3.38912,55.89393],[-3.3893,55.89344],[-3.38959,55.8933],[-3.38981,55.89327],[-3.38989,55.8932],[-3.39007,55.89291],[-3.39003,55.8928],[-3.39022,55.89265],[-3.39024,55.89244],[-3.39042,55.89227],[-3.39042,55.89217],[-3.3906,55.89204],[-3.39064,55.89194],[-3.39225,55.89119],[-3.39244,55.89115],[-3.39264,55.89101],[-3.39358,55.89062],[-3.39377,55.8905],[-3.39428,55.89037],[-3.39432,55.89032],[-3.3943,55.89013],[-3.3945,55.8901],[-3.39455,55.89],[-3.39465,55.88992],[-3.39484,55.88989],[-3.39493,55.88995],[-3.39509,55.88997],[-3.39529,55.88984],[-3.39548,55.88982],[-3.39557,55.88973],[-3.39561,55.88958],[-3.3957,55.88952],[-3.39594,55.88945],[-3.39611,55.88948],[-3.39664,55.88922],[-3.3968,55.88906],[-3.39759,55.88876],[-3.3978,55.88863],[-3.39794,55.88861],[-3.39815,55.88844],[-3.39835,55.88843],[-3.39835,55.88834],[-3.39839,55.8883],[-3.39863,55.88828],[-3.39887,55.88834],[-3.39931,55.88817],[-3.40008,55.88811],[-3.40027,55.88803],[-3.40033,55.8879],[-3.40062,55.88783],[-3.40119,55.88782],[-3.40183,55.88773],[-3.40242,55.88778],[-3.4025,55.88775],[-3.40268,55.8875],[-3.40284,55.8874],[-3.40327,55.88739],[-3.40345,55.88729],[-3.40335,55.88723],[-3.40345,55.8871],[-3.40338,55.88688],[-3.40362,55.8867],[-3.40366,55.88647],[-3.40383,55.88638],[-3.40418,55.88631],[-3.40431,55.88623],[-3.40404,55.88593],[-3.40396,55.88575],[-3.40364,55.88562],[-3.40356,55.88555],[-3.4036,55.88545],[-3.40396,55.88529],[-3.40402,55.88522],[-3.40358,55.88513],[-3.40326,55.88487],[-3.40297,55.88484],[-3.40292,55.88469],[-3.40277,55.88458],[-3.40235,55.88446],[-3.40227,55.88423],[-3.402,55.88431],[-3.40124,55.88401],[-3.40095,55.88404],[-3.40085,55.88394],[-3.40089,55.88348],[-3.40077,55.88332],[-3.40077,55.88311],[-3.40101,55.8829],[-3.40139,55.88272],[-3.40108,55.88253],[-3.40128,55.88239],[-3.40121,55.88232],[-3.40131,55.88225],[-3.40131,55.88218],[-3.40143,55.88199],[-3.40153,55.88195],[-3.40136,55.88189],[-3.40132,55.88185],[-3.40135,55.88181],[-3.40161,55.88181],[-3.40165,55.88166],[-3.40188,55.88149],[-3.40185,55.8814],[-3.40203,55.88132],[-3.40258,55.88117],[-3.40372,55.88108],[-3.4047,55.88074],[-3.40484,55.88065],[-3.40488,55.88056],[-3.405,55.88051],[-3.40543,55.87973],[-3.40549,55.8797],[-3.40718,55.87952],[-3.40741,55.87954],[-3.40841,55.87945],[-3.41171,55.8791],[-3.41206,55.87912],[-3.4125,55.87901],[-3.41305,55.87864],[-3.41365,55.87845],[-3.41381,55.87835],[-3.40523,55.87002],[-3.40315,55.87015],[-3.40215,55.87039],[-3.40156,55.87045],[-3.40054,55.87091],[-3.40028,55.87079],[-3.39997,55.87078],[-3.3996,55.87097],[-3.39871,55.87046],[-3.39819,55.86993],[-3.39797,55.86974],[-3.39785,55.86971],[-3.39778,55.86961],[-3.39762,55.86953],[-3.39761,55.86948],[-3.3975,55.86946],[-3.3975,55.86941],[-3.39712,55.86921],[-3.39685,55.86912],[-3.39659,55.86873],[-3.39699,55.86869],[-3.3979,55.86888],[-3.39859,55.86895],[-3.39941,55.86883],[-3.40006,55.8688],[-3.40184,55.86754],[-3.40266,55.86732],[-3.40323,55.86703],[-3.40345,55.86683],[-3.40361,55.86661],[-3.40389,55.86641],[-3.40408,55.86621],[-3.40426,55.86594],[-3.40421,55.86568],[-3.40428,55.86559],[-3.40456,55.86544],[-3.40516,55.86535],[-3.40565,55.86504],[-3.40806,55.86532],[-3.40881,55.86549],[-3.40928,55.86547],[-3.40965,55.86536],[-3.41002,55.86516],[-3.41063,55.86467],[-3.41064,55.86458],[-3.41047,55.86433],[-3.41044,55.86412],[-3.41065,55.8637],[-3.41109,55.8633],[-3.41186,55.86282],[-3.41199,55.86243],[-3.41232,55.86221],[-3.41238,55.86211],[-3.41323,55.86189],[-3.41362,55.86167],[-3.41374,55.86145],[-3.41369,55.86112],[-3.41381,55.86088],[-3.41402,55.86075],[-3.41407,55.86063],[-3.41428,55.86057],[-3.41454,55.86056],[-3.41543,55.86075],[-3.41615,55.86074],[-3.41639,55.86067],[-3.41684,55.86035],[-3.41696,55.8602],[-3.417,55.86005],[-3.41692,55.85963],[-3.41682,55.8595],[-3.41653,55.85941],[-3.41647,55.85928],[-3.41649,55.8592],[-3.41663,55.85905],[-3.41687,55.85889],[-3.41776,55.85872],[-3.41784,55.85857],[-3.41773,55.85839],[-3.41697,55.85804],[-3.41583,55.85774],[-3.41552,55.85735],[-3.41539,55.85682],[-3.41531,55.85671],[-3.41511,55.85657],[-3.41414,55.85619],[-3.41331,55.85614],[-3.41284,55.85602],[-3.41274,55.85592],[-3.41266,55.8557],[-3.41266,55.85535],[-3.41278,55.85507],[-3.41312,55.85473],[-3.41333,55.85429],[-3.4135,55.85419],[-3.41373,55.85418],[-3.41396,55.85422],[-3.41414,55.85431],[-3.41419,55.85441],[-3.41435,55.85449],[-3.41494,55.85462],[-3.41583,55.85452],[-3.41621,55.85439],[-3.4163,55.85411],[-3.41666,55.85379],[-3.4167,55.85362],[-3.41665,55.85345],[-3.41634,55.85316],[-3.41588,55.85283],[-3.41564,55.85246],[-3.41555,55.85203],[-3.41548,55.85194],[-3.41477,55.85162],[-3.41469,55.85147],[-3.41471,55.85133],[-3.41486,55.85108],[-3.41522,55.85071],[-3.41538,55.85032],[-3.41558,55.85012],[-3.41575,55.85005],[-3.41614,55.85008],[-3.41657,55.85003],[-3.41678,55.84995],[-3.41708,55.8497],[-3.41712,55.84934],[-3.41727,55.8491],[-3.41884,55.84812],[-3.41898,55.84786],[-3.41883,55.84718],[-3.41888,55.84692],[-3.41943,55.84646],[-3.42003,55.8462],[-3.42013,55.84603],[-3.42012,55.84591],[-3.41974,55.84574],[-3.41961,55.84575],[-3.41941,55.84591],[-3.41932,55.8462],[-3.4189,55.84613],[-3.4181,55.84579],[-3.41792,55.84565],[-3.41784,55.84555],[-3.4179,55.84544],[-3.41784,55.84531],[-3.41792,55.84525],[-3.41812,55.84522],[-3.41809,55.84512],[-3.41794,55.84504],[-3.41779,55.84502],[-3.4177,55.84506],[-3.41766,55.84515],[-3.41757,55.84516],[-3.41727,55.8448],[-3.41704,55.8446],[-3.41673,55.8445],[-3.41665,55.84433],[-3.41631,55.84424],[-3.41617,55.84416],[-3.41605,55.84403],[-3.41593,55.84381],[-3.41594,55.84366],[-3.4158,55.8435],[-3.41534,55.84344],[-3.41456,55.84345],[-3.41425,55.84336],[-3.41422,55.84321],[-3.4139,55.84325],[-3.41364,55.84318],[-3.41336,55.8432],[-3.41274,55.84282],[-3.41233,55.84266],[-3.41201,55.84259],[-3.41137,55.84257],[-3.41117,55.84233],[-3.41043,55.84213],[-3.41033,55.84204],[-3.41018,55.84172],[-3.40952,55.84145],[-3.40891,55.84129],[-3.40893,55.84113],[-3.40875,55.84089],[-3.40876,55.84076],[-3.41029,55.8403],[-3.41046,55.84009],[-3.41092,55.83982],[-3.41092,55.83972],[-3.41071,55.83954],[-3.41068,55.83942],[-3.41061,55.83935],[-3.4099,55.83917],[-3.40987,55.83908],[-3.40991,55.83881],[-3.40988,55.83868],[-3.40973,55.83849],[-3.4095,55.83835],[-3.40948,55.83823],[-3.40933,55.83801],[-3.40847,55.83787],[-3.40826,55.8378],[-3.40805,55.83765],[-3.40801,55.83755],[-3.40788,55.83744],[-3.40764,55.83728],[-3.40715,55.83718],[-3.40587,55.83609],[-3.40582,55.83569],[-3.40573,55.83561],[-3.40504,55.83527],[-3.40426,55.83516],[-3.40425,55.83502],[-3.40407,55.83449],[-3.40354,55.83426],[-3.40311,55.83431],[-3.40301,55.83427],[-3.40275,55.83402],[-3.40149,55.8336],[-3.40092,55.83349],[-3.40035,55.83318],[-3.39989,55.83304],[-3.39867,55.83304],[-3.39781,55.83284],[-3.39682,55.83247],[-3.39669,55.83221],[-3.39637,55.83203],[-3.39621,55.83185],[-3.39597,55.83174],[-3.39579,55.83151],[-3.39604,55.8314],[-3.39438,55.8293],[-3.39217,55.82698],[-3.391,55.82536],[-3.39085,55.82502],[-3.39079,55.8241],[-3.39081,55.82397],[-3.3915,55.82343],[-3.39207,55.82266],[-3.39238,55.82215],[-3.39278,55.82125],[-3.39336,55.82076],[-3.39476,55.81973],[-3.39332,55.81915],[-3.39288,55.81903],[-3.39172,55.8188],[-3.39124,55.81879],[-3.38799,55.81946],[-3.3864,55.82006],[-3.38434,55.82019],[-3.38159,55.82019],[-3.37927,55.82049],[-3.37858,55.82032],[-3.37686,55.82069],[-3.37317,55.82164],[-3.37268,55.82224],[-3.37242,55.82245],[-3.36953,55.82405],[-3.36904,55.82411],[-3.36759,55.82412],[-3.36348,55.82529],[-3.3616,55.82569],[-3.35983,55.82571],[-3.35788,55.82516],[-3.356,55.82477],[-3.35516,55.82527],[-3.35067,55.82713],[-3.34979,55.82835],[-3.35005,55.82919],[-3.34956,55.83022],[-3.34725,55.83145],[-3.34648,55.83192],[-3.34357,55.83391],[-3.33471,55.8398],[-3.33033,55.84277],[-3.32745,55.84462],[-3.32352,55.84732],[-3.3157,55.85255],[-3.31429,55.85343],[-3.3098,55.8565],[-3.30148,55.86207],[-3.30105,55.86229],[-3.29658,55.86527],[-3.2962,55.86577],[-3.2957,55.86613],[-3.29536,55.86629],[-3.29503,55.86633],[-3.29412,55.86667],[-3.29317,55.86689],[-3.29175,55.86698],[-3.29071,55.86656],[-3.29,55.86618],[-3.2886,55.86569],[-3.28787,55.86562],[-3.28644,55.86572],[-3.28508,55.86593],[-3.28403,55.86589],[-3.27911,55.86849],[-3.27579,55.87037],[-3.27408,55.87122],[-3.27116,55.87377],[-3.26916,55.87578],[-3.26962,55.87755],[-3.27054,55.88406],[-3.27079,55.8847],[-3.27195,55.88501],[-3.27244,55.88521],[-3.27417,55.88605],[-3.27521,55.88677],[-3.27566,55.88741],[-3.27615,55.88833],[-3.27622,55.88852],[-3.27622,55.88879],[-3.27627,55.88893],[-3.27734,55.88945],[-3.28072,55.89189],[-3.288,55.9005],[-3.28869,55.9006],[-3.28873,55.90077],[-3.28452,55.90257],[-3.2833,55.90302],[-3.28218,55.90352],[-3.28122,55.90406],[-3.28039,55.90425],[-3.27994,55.90425],[-3.27954,55.90412],[-3.27922,55.9039],[-3.2789,55.90382],[-3.27862,55.90388],[-3.27818,55.90415],[-3.27784,55.90429],[-3.27636,55.9047],[-3.27587,55.90509],[-3.27576,55.90545],[-3.27529,55.90579],[-3.27479,55.90645],[-3.27445,55.90649],[-3.27223,55.90615],[-3.26942,55.90603],[-3.26881,55.90617],[-3.26859,55.90636],[-3.26811,55.90658],[-3.26752,55.9067],[-3.26712,55.90672],[-3.26423,55.90639],[-3.26389,55.9063],[-3.26348,55.90609],[-3.26322,55.90609],[-3.26259,55.90619],[-3.26186,55.90644],[-3.26149,55.90671],[-3.26056,55.90771],[-3.25946,55.90815],[-3.25883,55.90828],[-3.25767,55.90842],[-3.25711,55.90838],[-3.25602,55.90815],[-3.25563,55.90818],[-3.25547,55.90824],[-3.25516,55.90846],[-3.25501,55.90869],[-3.255,55.90901],[-3.25519,55.90942],[-3.25567,55.90965],[-3.25697,55.90977],[-3.25745,55.90987],[-3.25795,55.91008],[-3.25822,55.91034],[-3.25952,55.91195],[-3.25948,55.91227],[-3.25926,55.91266],[-3.25829,55.91319],[-3.25474,55.91338],[-3.25131,55.91314],[-3.24501,55.91299],[-3.24478,55.91304],[-3.24456,55.91315],[-3.24491,55.91341],[-3.24408,55.91373],[-3.24361,55.91396],[-3.24395,55.91426],[-3.24286,55.9148],[-3.24279,55.91482],[-3.24204,55.91436],[-3.24087,55.91492],[-3.2413,55.91522],[-3.24121,55.9153],[-3.24144,55.91556],[-3.24056,55.91577],[-3.24013,55.91499],[-3.23949,55.91514],[-3.23969,55.91531],[-3.23477,55.91647],[-3.23523,55.91825],[-3.23524,55.91836],[-3.23511,55.91876],[-3.23514,55.92002],[-3.23278,55.92322],[-3.23242,55.92402],[-3.23108,55.92501],[-3.22725,55.92517],[-3.22439,55.92914],[-3.2239,55.92914],[-3.22366,55.92969],[-3.22295,55.92956],[-3.2206,55.93017],[-3.22089,55.93053],[-3.21994,55.93077],[-3.21965,55.93041],[-3.2194,55.93046],[-3.21896,55.92981],[-3.21986,55.92965],[-3.21967,55.9293],[-3.2197,55.92928],[-3.22217,55.92864],[-3.22199,55.92838],[-3.22192,55.92766],[-3.21556,55.92926],[-3.21528,55.92976],[-3.21579,55.92989],[-3.21607,55.92978],[-3.21622,55.93052],[-3.21661,55.93097],[-3.21734,55.93152],[-3.22734,55.92894],[-3.22836,55.92949],[-3.22753,55.93027],[-3.22734,55.93059],[-3.22603,55.93231],[-3.22345,55.93481],[-3.22333,55.93501],[-3.22309,55.93507],[-3.22254,55.93492],[-3.22244,55.93465],[-3.22212,55.93468],[-3.22064,55.93516],[-3.22117,55.93555],[-3.21603,55.93724],[-3.2163,55.93747],[-3.21627,55.93767],[-3.2164,55.93777],[-3.21674,55.9378],[-3.21694,55.93788],[-3.2174,55.93816],[-3.2175,55.93827],[-3.21761,55.9383],[-3.21768,55.93847],[-3.21731,55.93846],[-3.21701,55.93833],[-3.21618,55.93849],[-3.21519,55.93881],[-3.21527,55.93889],[-3.21518,55.93892],[-3.21521,55.93895],[-3.21517,55.93897],[-3.2152,55.93901],[-3.21541,55.93904],[-3.21722,55.93859],[-3.21728,55.93866],[-3.21736,55.93865],[-3.21761,55.93895],[-3.21559,55.93968],[-3.21496,55.93914],[-3.2147,55.93905],[-3.21314,55.93978],[-3.21304,55.93971],[-3.21249,55.93996],[-3.21209,55.9397],[-3.21145,55.94],[-3.21237,55.94062],[-3.21251,55.94077],[-3.21106,55.94131],[-3.21018,55.94072],[-3.21009,55.94078],[-3.21016,55.94083],[-3.21013,55.94097],[-3.21017,55.94099],[-3.20993,55.9411],[-3.2099,55.94118],[-3.20981,55.94122],[-3.20985,55.94124],[-3.20965,55.94134],[-3.20952,55.94126],[-3.20944,55.9413],[-3.20947,55.94133],[-3.2091,55.9415],[-3.20892,55.94138],[-3.20883,55.94141],[-3.20873,55.94133],[-3.20859,55.94139],[-3.20831,55.94131],[-3.20825,55.94147],[-3.20828,55.94157],[-3.20787,55.94164],[-3.2079,55.94181],[-3.20809,55.94215],[-3.20789,55.94221],[-3.20756,55.94251],[-3.20733,55.94249],[-3.20693,55.94258],[-3.20705,55.94271],[-3.20708,55.94269],[-3.20753,55.94317],[-3.20728,55.94325],[-3.20732,55.94332],[-3.20715,55.94337],[-3.20704,55.94326],[-3.20696,55.94325],[-3.20662,55.94297],[-3.20656,55.94299],[-3.20649,55.94293],[-3.20564,55.94325],[-3.20565,55.9434],[-3.20598,55.94369],[-3.20624,55.94359],[-3.20653,55.94381],[-3.20647,55.94383],[-3.20643,55.94408],[-3.20648,55.94412],[-3.20741,55.94364],[-3.20787,55.94418],[-3.20753,55.94431],[-3.20727,55.94402],[-3.20736,55.94397],[-3.20727,55.94388],[-3.20642,55.94431],[-3.20628,55.94419],[-3.20605,55.94414],[-3.20599,55.94436],[-3.20574,55.94432],[-3.20523,55.94453],[-3.20515,55.94472],[-3.20573,55.94504],[-3.20575,55.94509],[-3.20582,55.94508],[-3.20591,55.94532],[-3.20584,55.94533],[-3.20598,55.94537],[-3.20682,55.94536],[-3.20848,55.94495],[-3.20925,55.94536],[-3.20939,55.94533],[-3.20951,55.94548],[-3.21065,55.94585],[-3.21154,55.9458],[-3.21189,55.94572],[-3.21211,55.94598],[-3.21262,55.94594],[-3.21287,55.946],[-3.21303,55.9459],[-3.21338,55.94579],[-3.21342,55.9451],[-3.2156,55.94514],[-3.21647,55.94598],[-3.21661,55.94607],[-3.21655,55.9465],[-3.21694,55.94639],[-3.21725,55.94646],[-3.21764,55.94647],[-3.21796,55.94632],[-3.21821,55.94632],[-3.21879,55.94617],[-3.21879,55.94609],[-3.21903,55.9461],[-3.2193,55.94599],[-3.21951,55.94612],[-3.22011,55.94615],[-3.2205,55.94656],[-3.22076,55.94663],[-3.22085,55.9466],[-3.22084,55.94641],[-3.22097,55.9464],[-3.22096,55.9462],[-3.22112,55.94614],[-3.22198,55.94614],[-3.22232,55.94639],[-3.22269,55.9464],[-3.22337,55.94634],[-3.22338,55.94599],[-3.23199,55.94554],[-3.23279,55.94653],[-3.2331,55.94712],[-3.23331,55.94769],[-3.23247,55.94844],[-3.2313,55.94924],[-3.23016,55.9498],[-3.23054,55.95032],[-3.23175,55.94977],[-3.23183,55.9496],[-3.23352,55.94909],[-3.23404,55.94916],[-3.23457,55.94987],[-3.23524,55.95049],[-3.23551,55.95074],[-3.23646,55.9514],[-3.23622,55.95156],[-3.23533,55.95169],[-3.2352,55.95143],[-3.23499,55.9513],[-3.2346,55.9515],[-3.23411,55.95145],[-3.23399,55.95122],[-3.23363,55.95127],[-3.23355,55.9511],[-3.23148,55.95188],[-3.2321,55.95225],[-3.23674,55.95159],[-3.23785,55.95219],[-3.23961,55.95287],[-3.24124,55.95367],[-3.24188,55.95406],[-3.24235,55.9544],[-3.24334,55.95527],[-3.24173,55.95573],[-3.24164,55.95593],[-3.24399,55.95646],[-3.24422,55.95669],[-3.24401,55.95677],[-3.24373,55.95671],[-3.24354,55.95678],[-3.24024,55.96041],[-3.23987,55.96041],[-3.23975,55.96028],[-3.23879,55.95988],[-3.23854,55.96007],[-3.23791,55.96034],[-3.23792,55.96043],[-3.23772,55.96044],[-3.23766,55.96058],[-3.23752,55.96063],[-3.22987,55.96115],[-3.23062,55.96171],[-3.23173,55.96272],[-3.23234,55.96341],[-3.23378,55.96326],[-3.23417,55.96396],[-3.23358,55.96412],[-3.23384,55.96447],[-3.23335,55.96456],[-3.23351,55.96478],[-3.23387,55.96469],[-3.23408,55.96476],[-3.23465,55.96552],[-3.23464,55.96564],[-3.23494,55.96605],[-3.23509,55.9661],[-3.23564,55.96685],[-3.23564,55.96699],[-3.23606,55.96754],[-3.23556,55.96768],[-3.23617,55.96844],[-3.22848,55.96926],[-3.22911,55.97095],[-3.23017,55.97429],[-3.23032,55.97492],[-3.2304,55.97562],[-3.23121,55.97569],[-3.23124,55.97607],[-3.23148,55.97661],[-3.23148,55.97692],[-3.23125,55.97714],[-3.23127,55.97722],[-3.23102,55.97733],[-3.23105,55.97748],[-3.23177,55.9774],[-3.23207,55.97824],[-3.23149,55.97867],[-3.23092,55.9789],[-3.23038,55.97896],[-3.23064,55.97918],[-3.23073,55.9792],[-3.23082,55.97934],[-3.23073,55.97947],[-3.23048,55.97955],[-3.23034,55.97954],[-3.23029,55.9796],[-3.23015,55.97957],[-3.22985,55.98003],[-3.23004,55.98014],[-3.2306,55.98022],[-3.2321,55.98014],[-3.23228,55.98041],[-3.2303,55.98051],[-3.23002,55.98016],[-3.22985,55.98007],[-3.22896,55.97994],[-3.22735,55.98037],[-3.22669,55.98025],[-3.22633,55.98008],[-3.22543,55.98002],[-3.22485,55.98038],[-3.22526,55.98055],[-3.22545,55.98084],[-3.22587,55.98091],[-3.22595,55.98105],[-3.22631,55.98109],[-3.22635,55.98129],[-3.22644,55.98135],[-3.23156,55.98128],[-3.23284,55.98157],[-3.23355,55.98208],[-3.23407,55.98221],[-3.23412,55.98217],[-3.2347,55.98237],[-3.23473,55.98243],[-3.2346,55.98268],[-3.23421,55.98304],[-3.23403,55.98307],[-3.23391,55.98316],[-3.23389,55.98371]]]}},{"type":"Feature","properties":{"school":"St Thomas of Aquin's RC High","sector":"RC","top_rank":4},"geometry":{"type":"Polygon","coordinates":[[[-3.22987,55.96115],[-3.23752,55.96063],[-3.23766,55.96058],[-3.23772,55.96044],[-3.23792,55.96043],[-3.23791,55.96034],[-3.23854,55.96007],[-3.23879,55.95988],[-3.23975,55.96028],[-3.23987,55.96041],[-3.24024,55.96041],[-3.24354,55.95678],[-3.24373,55.95671],[-3.24401,55.95677],[-3.24422,55.95669],[-3.24399,55.95646],[-3.24164,55.95593],[-3.24173,55.95573],[-3.24334,55.95527],[-3.24285,55.9548],[-3.24188,55.95406],[-3.2405,55.95328],[-3.23961,55.95287],[-3.23785,55.95219],[-3.23674,55.95159],[-3.2321,55.95225],[-3.23148,55.95188],[-3.23355,55.9511],[-3.23363,55.95127],[-3.23399,55.95122],[-3.23411,55.95145],[-3.2346,55.9515],[-3.23499,55.9513],[-3.2352,55.95143],[-3.23533,55.95169],[-3.23622,55.95156],[-3.23646,55.9514],[-3.23551,55.95074],[-3.23524,55.95049],[-3.23457,55.94987],[-3.23404,55.94916],[-3.23352,55.94909],[-3.23183,55.9496],[-3.23175,55.94977],[-3.23054,55.95032],[-3.23016,55.9498],[-3.2313,55.94924],[-3.23247,55.94844],[-3.23331,55.94769],[-3.2331,55.94712],[-3.23279,55.94653],[-3.23199,55.94554],[-3.22338,55.94599],[-3.22337,55.94634],[-3.22269,55.9464],[-3.22232,55.94639],[-3.22198,55.94614],[-3.22112,55.94614],[-3.22096,55.9462],[-3.22097,55.9464],[-3.22084,55.94641],[-3.22085,55.9466],[-3.22076,55.94663],[-3.2205,55.94656],[-3.22011,55.94615],[-3.21951,55.94612],[-3.2193,55.94599],[-3.21903,55.9461],[-3.21879,55.94609],[-3.21879,55.94617],[-3.21821,55.94632],[-3.21796,55.94632],[-3.21764,55.94647],[-3.21725,55.94646],[-3.21694,55.94639],[-3.21655,55.9465],[-3.21661,55.94607],[-3.21647,55.94598],[-3.2156,55.94514],[-3.21342,55.9451],[-3.21338,55.94579],[-3.21303,55.9459],[-3.21287,55.946],[-3.21241,55.94593],[-3.2122,55.94599],[-3.21211,55.94598],[-3.21189,55.94572],[-3.21154,55.9458],[-3.21065,55.94585],[-3.20951,55.94548],[-3.20939,55.94533],[-3.20925,55.94536],[-3.20848,55.94495],[-3.20682,55.94536],[-3.20598,55.94537],[-3.20584,55.94533],[-3.20591,55.94532],[-3.20582,55.94508],[-3.20575,55.94509],[-3.20573,55.94504],[-3.20515,55.94472],[-3.20523,55.94453],[-3.20574,55.94432],[-3.20599,55.94436],[-3.20605,55.94414],[-3.20628,55.94419],[-3.20642,55.94431],[-3.20727,55.94388],[-3.20736,55.94397],[-3.20727,55.94402],[-3.20753,55.94431],[-3.20787,55.94418],[-3.20741,55.94364],[-3.20648,55.94412],[-3.20643,55.94408],[-3.20647,55.94383],[-3.20653,55.94381],[-3.20624,55.94359],[-3.20598,55.94369],[-3.20565,55.9434],[-3.20562,55.94331],[-3.20564,55.94325],[-3.20649,55.94293],[-3.20656,55.94299],[-3.20662,55.94297],[-3.20696,55.94325],[-3.20704,55.94326],[-3.20715,55.94337],[-3.20732,55.94332],[-3.20728,55.94325],[-3.20753,55.94317],[-3.20708,55.94269],[-3.20705,55.94271],[-3.20693,55.94258],[-3.20733,55.94249],[-3.20756,55.94251],[-3.20789,55.94221],[-3.20809,55.94215],[-3.2079,55.94181],[-3.20787,55.94164],[-3.20828,55.94157],[-3.20825,55.94147],[-3.20831,55.94131],[-3.20859,55.94139],[-3.20873,55.94133],[-3.20883,55.94141],[-3.20892,55.94138],[-3.2091,55.9415],[-3.20947,55.94133],[-3.20944,55.9413],[-3.20952,55.94126],[-3.20965,55.94134],[-3.20985,55.94124],[-3.20981,55.94122],[-3.2099,55.94118],[-3.20993,55.9411],[-3.21017,55.94099],[-3.21013,55.94097],[-3.21016,55.94083],[-3.21009,55.94078],[-3.21018,55.94072],[-3.21106,55.94131],[-3.21251,55.94077],[-3.21237,55.94062],[-3.21145,55.94],[-3.21209,55.9397],[-3.21249,55.93996],[-3.21304,55.93971],[-3.21314,55.93978],[-3.2147,55.93905],[-3.21496,55.93914],[-3.21559,55.93968],[-3.21761,55.93895],[-3.21736,55.93865],[-3.21728,55.93866],[-3.21722,55.93859],[-3.21541,55.93904],[-3.2152,55.93901],[-3.21517,55.93897],[-3.21521,55.93895],[-3.21518,55.93892],[-3.21527,55.93889],[-3.21519,55.93881],[-3.21618,55.93849],[-3.21701,55.93833],[-3.21731,55.93846],[-3.21768,55.93847],[-3.21761,55.9383],[-3.2175,55.93827],[-3.2174,55.93816],[-3.21694,55.93788],[-3.21674,55.9378],[-3.2164,55.93777],[-3.21627,55.93767],[-3.2163,55.93747],[-3.21603,55.93724],[-3.22117,55.93555],[-3.22064,55.93516],[-3.22212,55.93468],[-3.22244,55.93465],[-3.22254,55.93492],[-3.22309,55.93507],[-3.22333,55.93501],[-3.22345,55.93481],[-3.22603,55.93231],[-3.22734,55.93059],[-3.22753,55.93027],[-3.22836,55.92949],[-3.22734,55.92894],[-3.21734,55.93152],[-3.21661,55.93097],[-3.21622,55.93052],[-3.21607,55.92978],[-3.21579,55.92989],[-3.21528,55.92976],[-3.21556,55.92926],[-3.22192,55.92766],[-3.22199,55.92838],[-3.22217,55.92864],[-3.2197,55.92928],[-3.21967,55.9293],[-3.21986,55.92965],[-3.21896,55.92981],[-3.2194,55.93046],[-3.21965,55.93041],[-3.21994,55.93077],[-3.22089,55.93053],[-3.2206,55.93017],[-3.22295,55.92956],[-3.22366,55.92969],[-3.2239,55.92914],[-3.22439,55.92914],[-3.22725,55.92517],[-3.23108,55.92501],[-3.23242,55.92402],[-3.23278,55.92322],[-3.23514,55.92002],[-3.23511,55.91876],[-3.23524,55.91836],[-3.23523,55.91825],[-3.23477,55.91647],[-3.23969,55.91531],[-3.23949,55.91514],[-3.24013,55.91499],[-3.24056,55.91577],[-3.24144,55.91556],[-3.24121,55.9153],[-3.2413,55.91522],[-3.24087,55.91492],[-3.24204,55.91436],[-3.24279,55.91482],[-3.24286,55.9148],[-3.24395,55.91426],[-3.24361,55.91396],[-3.24408,55.91373],[-3.24491,55.91341],[-3.24456,55.91315],[-3.24478,55.91304],[-3.24501,55.91299],[-3.25131,55.91314],[-3.25474,55.91338],[-3.25829,55.91319],[-3.25926,55.91266],[-3.25948,55.91227],[-3.25952,55.91195],[-3.25822,55.91034],[-3.25795,55.91008],[-3.25745,55.90987],[-3.25697,55.90977],[-3.25567,55.90965],[-3.25519,55.90942],[-3.255,55.90901],[-3.25501,55.90869],[-3.25516,55.90846],[-3.25563,55.90818],[-3.25602,55.90815],[-3.25711,55.90838],[-3.25767,55.90842],[-3.25883,55.90828],[-3.25946,55.90815],[-3.26056,55.90771],[-3.26149,55.90671],[-3.26186,55.90644],[-3.26259,55.90619],[-3.26322,55.90609],[-3.26348,55.90609],[-3.26389,55.9063],[-3.26423,55.90639],[-3.26712,55.90672],[-3.26752,55.9067],[-3.26811,55.90658],[-3.26859,55.90636],[-3.26881,55.90617],[-3.26942,55.90603],[-3.27223,55.90615],[-3.27445,55.90649],[-3.27479,55.90645],[-3.27529,55.90579],[-3.27576,55.90545],[-3.27587,55.90509],[-3.27636,55.9047],[-3.27784,55.90429],[-3.27818,55.90415],[-3.27862,55.90388],[-3.2789,55.90382],[-3.27922,55.9039],[-3.27954,55.90412],[-3.27994,55.90425],[-3.28039,55.90425],[-3.28122,55.90406],[-3.28218,55.90352],[-3.2833,55.90302],[-3.28452,55.90257],[-3.28873,55.90077],[-3.28869,55.9006],[-3.288,55.9005],[-3.28072,55.89189],[-3.27734,55.88945],[-3.27627,55.88893],[-3.27622,55.88879],[-3.27622,55.88852],[-3.27615,55.88833],[-3.27566,55.88741],[-3.27521,55.88677],[-3.27417,55.88605],[-3.27244,55.88521],[-3.27195,55.88501],[-3.27079,55.8847],[-3.27054,55.88406],[-3.26962,55.87755],[-3.26918,55.87584],[-3.26884,55.87585],[-3.2684,55.87595],[-3.26739,55.87594],[-3.26573,55.8761],[-3.26509,55.87607],[-3.26492,55.87589],[-3.26445,55.87573],[-3.26433,55.87546],[-3.26392,55.87526],[-3.26398,55.87514],[-3.26387,55.87501],[-3.26362,55.87487],[-3.26344,55.87485],[-3.26335,55.87463],[-3.26336,55.8745],[-3.26314,55.87427],[-3.26303,55.87422],[-3.26282,55.8742],[-3.26272,55.87405],[-3.26241,55.8739],[-3.26232,55.87373],[-3.26201,55.87356],[-3.26188,55.87336],[-3.26144,55.87313],[-3.26106,55.87274],[-3.26092,55.87271],[-3.26078,55.87257],[-3.26034,55.87247],[-3.25984,55.87224],[-3.25969,55.8721],[-3.25942,55.87199],[-3.25917,55.87171],[-3.25898,55.87158],[-3.25832,55.87146],[-3.25725,55.87099],[-3.25685,55.87076],[-3.25529,55.87017],[-3.25531,55.87013],[-3.25513,55.86997],[-3.25494,55.86955],[-3.2549,55.86918],[-3.25464,55.86898],[-3.25392,55.86857],[-3.25387,55.8688],[-3.25369,55.86896],[-3.25364,55.86917],[-3.25353,55.86937],[-3.25319,55.86978],[-3.25222,55.87049],[-3.25175,55.87094],[-3.25092,55.87147],[-3.25068,55.87183],[-3.25049,55.87203],[-3.25037,55.87207],[-3.25035,55.87214],[-3.25024,55.87223],[-3.2501,55.87247],[-3.25005,55.8727],[-3.24961,55.87316],[-3.24945,55.8732],[-3.24958,55.87332],[-3.24956,55.87354],[-3.24963,55.87364],[-3.24965,55.87381],[-3.24949,55.87419],[-3.24951,55.87429],[-3.24943,55.87441],[-3.24942,55.87465],[-3.24922,55.87494],[-3.24924,55.87501],[-3.2492,55.87511],[-3.24924,55.87523],[-3.24902,55.87547],[-3.24828,55.87561],[-3.24788,55.87583],[-3.24734,55.87605],[-3.24696,55.87612],[-3.24647,55.87636],[-3.24631,55.87635],[-3.24589,55.87644],[-3.24537,55.87661],[-3.24483,55.87696],[-3.24417,55.87721],[-3.2439,55.87721],[-3.24375,55.87715],[-3.24296,55.87722],[-3.24207,55.8772],[-3.23975,55.87804],[-3.23982,55.88048],[-3.23886,55.88175],[-3.23855,55.88256],[-3.23841,55.88274],[-3.2372,55.88248],[-3.23475,55.88301],[-3.23435,55.88299],[-3.23359,55.88325],[-3.23275,55.88378],[-3.23216,55.88397],[-3.2316,55.88392],[-3.22961,55.8834],[-3.22789,55.88386],[-3.22709,55.8837],[-3.22457,55.88235],[-3.22358,55.88259],[-3.22133,55.883],[-3.21945,55.88225],[-3.21479,55.88224],[-3.21174,55.88198],[-3.20909,55.88325],[-3.20934,55.88339],[-3.21097,55.88379],[-3.21171,55.88414],[-3.21345,55.88448],[-3.21404,55.88531],[-3.2142,55.88578],[-3.21395,55.88644],[-3.21103,55.88812],[-3.20693,55.88966],[-3.20426,55.88986],[-3.20232,55.89016],[-3.20097,55.89028],[-3.20074,55.89039],[-3.20077,55.89072],[-3.19956,55.89065],[-3.19882,55.89118],[-3.19003,55.89005],[-3.18772,55.89133],[-3.18465,55.8914],[-3.18269,55.89162],[-3.18084,55.89194],[-3.17749,55.89278],[-3.18892,55.89917],[-3.18924,55.90679],[-3.18708,55.91065],[-3.17906,55.91407],[-3.17578,55.91627],[-3.16795,55.91925],[-3.16801,55.91957],[-3.16748,55.91966],[-3.16752,55.92015],[-3.16678,55.92576],[-3.16659,55.92634],[-3.16635,55.92673],[-3.16574,55.92726],[-3.16289,55.92861],[-3.16208,55.92905],[-3.16103,55.9292],[-3.16077,55.9293],[-3.15947,55.92987],[-3.15752,55.9309],[-3.1542,55.93245],[-3.15382,55.9326],[-3.15326,55.93271],[-3.15294,55.93272],[-3.15193,55.93254],[-3.15046,55.93416],[-3.14772,55.93705],[-3.15684,55.93851],[-3.15942,55.9386],[-3.16045,55.93876],[-3.16301,55.93937],[-3.16452,55.93964],[-3.16501,55.93989],[-3.16683,55.94005],[-3.16759,55.94023],[-3.16785,55.94036],[-3.16859,55.94086],[-3.17018,55.94156],[-3.17019,55.9417],[-3.17036,55.94196],[-3.1703,55.94243],[-3.17046,55.94253],[-3.1706,55.94271],[-3.17276,55.94289],[-3.17456,55.94289],[-3.17545,55.94311],[-3.17589,55.94345],[-3.17625,55.94389],[-3.17685,55.94478],[-3.17714,55.94531],[-3.17732,55.94582],[-3.17735,55.94648],[-3.17719,55.9471],[-3.17683,55.94795],[-3.17644,55.94839],[-3.17592,55.94889],[-3.17504,55.94943],[-3.17326,55.9501],[-3.17228,55.9504],[-3.17071,55.95079],[-3.16931,55.95104],[-3.16954,55.95152],[-3.17083,55.95381],[-3.17105,55.95403],[-3.17138,55.95402],[-3.17155,55.95418],[-3.17234,55.95405],[-3.17256,55.95439],[-3.17289,55.95433],[-3.17307,55.95462],[-3.17181,55.95504],[-3.17012,55.95542],[-3.16914,55.95578],[-3.16821,55.95634],[-3.16778,55.9567],[-3.16748,55.95705],[-3.16715,55.95707],[-3.16715,55.95722],[-3.16816,55.95732],[-3.16805,55.95753],[-3.16773,55.95746],[-3.16769,55.95751],[-3.16734,55.95744],[-3.16708,55.95816],[-3.16711,55.95873],[-3.16726,55.95915],[-3.16747,55.95949],[-3.16815,55.9602],[-3.16884,55.96064],[-3.1696,55.96097],[-3.17101,55.96136],[-3.17092,55.96175],[-3.17063,55.96187],[-3.17052,55.96199],[-3.17055,55.96199],[-3.1705,55.96213],[-3.17081,55.96233],[-3.17077,55.96251],[-3.1704,55.96269],[-3.16999,55.9627],[-3.16983,55.96336],[-3.17072,55.96342],[-3.17095,55.96325],[-3.17136,55.96307],[-3.17144,55.96273],[-3.17195,55.96275],[-3.17239,55.96254],[-3.17268,55.96255],[-3.17298,55.96276],[-3.17358,55.96278],[-3.17375,55.96273],[-3.17471,55.9627],[-3.1747,55.96278],[-3.17496,55.96279],[-3.17499,55.96287],[-3.17612,55.96291],[-3.17679,55.96279],[-3.1772,55.96265],[-3.17749,55.96267],[-3.17776,55.96292],[-3.1773,55.9635],[-3.17748,55.96377],[-3.17726,55.96396],[-3.17654,55.96415],[-3.1761,55.96456],[-3.17598,55.96474],[-3.17614,55.96491],[-3.17624,55.96511],[-3.17643,55.96516],[-3.17702,55.96449],[-3.17793,55.96364],[-3.17811,55.9637],[-3.17841,55.96389],[-3.18276,55.9676],[-3.18458,55.96893],[-3.18621,55.96996],[-3.18706,55.97037],[-3.18725,55.97031],[-3.18724,55.97022],[-3.18707,55.97011],[-3.18806,55.9696],[-3.1892,55.9703],[-3.18809,55.97082],[-3.18791,55.97096],[-3.18782,55.97096],[-3.187,55.97047],[-3.1875,55.97158],[-3.18753,55.97219],[-3.1874,55.97221],[-3.18688,55.97204],[-3.18673,55.97183],[-3.18663,55.97178],[-3.18608,55.97172],[-3.18536,55.97155],[-3.1843,55.97178],[-3.1832,55.97195],[-3.18153,55.97203],[-3.18085,55.97214],[-3.18025,55.97231],[-3.17987,55.97248],[-3.17968,55.97274],[-3.17965,55.97297],[-3.1798,55.97308],[-3.18025,55.97315],[-3.18051,55.97324],[-3.18096,55.97348],[-3.18118,55.97375],[-3.18103,55.97395],[-3.17962,55.97448],[-3.17927,55.9751],[-3.17911,55.97528],[-3.17906,55.97544],[-3.1793,55.97604],[-3.18,55.97772],[-3.1803,55.97824],[-3.17989,55.97899],[-3.1797,55.97913],[-3.17916,55.97937],[-3.1805,55.97996],[-3.18033,55.98019],[-3.18041,55.98023],[-3.18047,55.98037],[-3.1851,55.98257],[-3.18676,55.98146],[-3.1872,55.98168],[-3.18732,55.9816],[-3.19262,55.98402],[-3.192,55.98426],[-3.19221,55.98442],[-3.19182,55.98457],[-3.19206,55.98478],[-3.19245,55.98464],[-3.19259,55.98476],[-3.19344,55.98444],[-3.19429,55.98486],[-3.19594,55.98378],[-3.19553,55.98357],[-3.19583,55.98336],[-3.19607,55.98334],[-3.19572,55.98236],[-3.19661,55.98235],[-3.19661,55.98228],[-3.19732,55.98163],[-3.19768,55.98164],[-3.19859,55.98157],[-3.19949,55.98143],[-3.20019,55.98125],[-3.20093,55.98123],[-3.20252,55.98124],[-3.20353,55.98132],[-3.20512,55.9813],[-3.20878,55.98153],[-3.20947,55.9814],[-3.20982,55.98141],[-3.21068,55.98149],[-3.21091,55.98147],[-3.21139,55.98158],[-3.21204,55.98153],[-3.21252,55.98161],[-3.21289,55.98175],[-3.2138,55.98185],[-3.21494,55.98171],[-3.2152,55.98165],[-3.21548,55.98151],[-3.21603,55.98145],[-3.21711,55.98159],[-3.21738,55.98174],[-3.21785,55.98189],[-3.21757,55.98398],[-3.21804,55.984],[-3.2183,55.98408],[-3.21899,55.98405],[-3.2198,55.98398],[-3.22106,55.98374],[-3.2226,55.98404],[-3.2219,55.98566],[-3.22131,55.98624],[-3.22362,55.98555],[-3.22324,55.98515],[-3.22379,55.98371],[-3.22656,55.98409],[-3.22673,55.9837],[-3.22865,55.98397],[-3.22863,55.98401],[-3.22965,55.98416],[-3.2311,55.98457],[-3.2318,55.98377],[-3.23312,55.98415],[-3.23325,55.98404],[-3.23349,55.98413],[-3.23389,55.98371],[-3.23391,55.98316],[-3.23403,55.98307],[-3.23421,55.98304],[-3.2346,55.98268],[-3.23474,55.98248],[-3.2347,55.98237],[-3.23412,55.98217],[-3.23407,55.98221],[-3.23355,55.98208],[-3.23284,55.98157],[-3.23156,55.98128],[-3.22644,55.98135],[-3.22635,55.98129],[-3.22631,55.98109],[-3.22595,55.98105],[-3.22587,55.98091],[-3.22545,55.98084],[-3.22526,55.98055],[-3.22485,55.98038],[-3.22543,55.98002],[-3.22633,55.98008],[-3.22669,55.98025],[-3.22735,55.98037],[-3.22896,55.97994],[-3.22985,55.98007],[-3.23002,55.98016],[-3.2303,55.98051],[-3.23228,55.98041],[-3.2321,55.98014],[-3.2306,55.98022],[-3.23004,55.98014],[-3.22985,55.98003],[-3.23015,55.97957],[-3.23029,55.9796],[-3.23034,55.97954],[-3.23048,55.97955],[-3.23073,55.97947],[-3.23082,55.97934],[-3.23073,55.9792],[-3.23064,55.97918],[-3.23038,55.97896],[-3.23092,55.9789],[-3.23149,55.97867],[-3.23207,55.97824],[-3.23177,55.9774],[-3.23105,55.97748],[-3.23102,55.97733],[-3.23127,55.97722],[-3.23125,55.97714],[-3.23148,55.97692],[-3.23148,55.97661],[-3.23124,55.97607],[-3.23121,55.97569],[-3.2304,55.97562],[-3.23032,55.97492],[-3.23017,55.97429],[-3.22911,55.97095],[-3.22848,55.96926],[-3.23617,55.96844],[-3.23556,55.96768],[-3.23606,55.96754],[-3.23564,55.96699],[-3.23564,55.96685],[-3.23509,55.9661],[-3.23494,55.96605],[-3.23464,55.96564],[-3.23465,55.96552],[-3.23408,55.96476],[-3.23387,55.96469],[-3.23351,55.96478],[-3.23335,55.96456],[-3.23384,55.96447],[-3.23358,55.96412],[-3.23417,55.96396],[-3.23378,55.96326],[-3.23234,55.96341],[-3.23173,55.96272],[-3.23062,55.96171],[-3.22987,55.96115]]]}},{"type":"Feature","properties":{"school":"X St Thomas of Aquin's RC High","sector":"RC","top_rank":4},"geometry":{"type":"MultiPolygon","coordinates":[[[[-3.18539,55.9887],[-3.18438,55.98911],[-3.18435,55.98917],[-3.18441,55.98932],[-3.18469,55.98937],[-3.18507,55.98926],[-3.19547,55.98512],[-3.19567,55.985],[-3.19605,55.98471],[-3.19633,55.98436],[-3.19653,55.98393],[-3.19642,55.98333],[-3.19602,55.98238],[-3.19573,55.98238],[-3.19607,55.98334],[-3.19583,55.98336],[-3.19553,55.98357],[-3.19594,55.98378],[-3.19429,55.98486],[-3.19344,55.98444],[-3.19259,55.98476],[-3.19245,55.98464],[-3.19206,55.98478],[-3.19182,55.98457],[-3.19221,55.98442],[-3.192,55.98426],[-3.19262,55.98402],[-3.18781,55.98181],[-3.18601,55.98296],[-3.18276,55.9859],[-3.18265,55.98655],[-3.18539,55.9887]]],[[[-3.22271,55.98783],[-3.2297,55.98715],[-3.23005,55.98708],[-3.23033,55.98692],[-3.23341,55.9841],[-3.23325,55.98404],[-3.23312,55.98415],[-3.2318,55.98377],[-3.2311,55.98457],[-3.22965,55.98416],[-3.22863,55.98401],[-3.22865,55.98397],[-3.22673,55.9837],[-3.22656,55.98409],[-3.22379,55.98371],[-3.22343,55.98467],[-3.22578,55.98501],[-3.22625,55.98516],[-3.22607,55.98533],[-3.22592,55.98568],[-3.22606,55.98585],[-3.2261,55.98598],[-3.22654,55.98628],[-3.22674,55.98636],[-3.22731,55.98687],[-3.22757,55.98698],[-3.22786,55.98702],[-3.22805,55.98709],[-3.22475,55.98743],[-3.22267,55.98749],[-3.22256,55.98774],[-3.22259,55.98785],[-3.22271,55.98783]]]]}}]}